property_type,area,benchmark_price,price_index,1_month_change_percentage,3_month_change_percentage,6_month_change_percentage,1_year_change_percentage,3_year_change_percentage,5_year_change_percentage,10_year_change_percentage,time
Composite,Lower Mainland,1131800,343.9,-0.008,-0.017,0.02,0.038,0.288,0.286,0.913,2023-10-01
Composite,Greater Vancouver,1196500,338.9,-0.006,-0.012,0.02,0.044,0.247,0.231,0.808,2023-10-01
Composite,Bowen Island,1418800,297.8,-0.017,-0.023,-0.007,0.03,0.259,0.435,1.409,2023-10-01
Composite,Burnaby East,1192600,371.1,0.011,-0.009,0.059,0.053,0.243,0.234,1.118,2023-10-01
Composite,Burnaby North,1020900,340.0,0.007,0.0,0.018,0.031,0.213,0.218,0.987,2023-10-01
Composite,Burnaby South,1122000,354.1,-0.005,-0.011,0.018,0.059,0.238,0.242,0.984,2023-10-01
Composite,Coquitlam,1114400,348.5,-0.006,-0.018,0.012,0.024,0.284,0.293,1.158,2023-10-01
Composite,Ladner,1160200,337.0,-0.015,-0.018,0.04,0.049,0.381,0.404,1.177,2023-10-01
Composite,Maple Ridge,984700,340.8,-0.015,-0.02,0.028,0.049,0.388,0.444,1.534,2023-10-01
Composite,New Westminster,836700,379.3,-0.004,-0.011,0.03,0.042,0.276,0.285,1.192,2023-10-01
Composite,North Vancouver,1392300,319.9,0.003,-0.013,0.015,0.046,0.221,0.253,0.911,2023-10-01
Composite,Pitt Meadows,915800,365.9,-0.011,-0.026,0.05,0.059,0.373,0.469,1.634,2023-10-01
Composite,Port Coquitlam,954500,367.1,-0.004,-0.022,0.025,0.049,0.395,0.44,1.439,2023-10-01
Composite,Port Moody,1139900,360.0,0.013,0.017,0.029,0.019,0.355,0.339,1.419,2023-10-01
Composite,Richmond,1179700,387.4,-0.004,-0.007,0.006,0.056,0.304,0.234,0.948,2023-10-01
Composite,Squamish,1088600,355.5,0.006,-0.03,0.009,0.009,0.297,0.402,1.558,2023-10-01
Composite,Sunshine Coast,831000,304.7,-0.015,-0.039,-0.002,-0.016,0.298,0.428,1.487,2023-10-01
Composite,Tsawwassen,1218900,316.7,-0.023,-0.003,0.0,0.011,0.289,0.258,1.055,2023-10-01
Composite,Vancouver East,1217200,378.6,-0.009,-0.01,0.04,0.084,0.245,0.253,0.973,2023-10-01
Composite,Vancouver West,1330800,312.8,-0.014,-0.015,0.013,0.045,0.136,0.063,0.46,2023-10-01
Composite,West Vancouver,2658100,286.6,0.002,0.004,0.048,-0.022,0.13,0.091,0.504,2023-10-01
Composite,Whistler,1374900,308.9,0.002,-0.036,-0.011,-0.014,0.304,0.485,1.672,2023-10-01
House,Lower Mainland,1779900,389.7,-0.01,-0.012,0.041,0.057,0.326,0.375,1.076,2023-10-01
House,Greater Vancouver,2001400,372.1,-0.008,-0.006,0.043,0.058,0.28,0.291,0.878,2023-10-01
House,Bowen Island,1422400,298.0,-0.017,-0.023,-0.007,0.003,0.26,0.435,1.411,2023-10-01
House,Burnaby East,1894800,405.2,0.018,-0.026,0.088,0.05,0.307,0.354,1.329,2023-10-01
House,Burnaby North,2079300,397.6,0.015,0.019,0.067,0.072,0.326,0.332,1.205,2023-10-01
House,Burnaby South,2199700,412.2,0.001,-0.016,0.024,0.07,0.283,0.327,1.148,2023-10-01
House,Coquitlam,1796500,416.0,0.004,0.001,0.04,0.043,0.36,0.414,1.517,2023-10-01
House,Ladner,1423000,344.4,-0.013,-0.019,0.056,0.055,0.372,0.49,1.233,2023-10-01
House,Maple Ridge,1280100,373.9,-0.013,-0.021,0.044,0.065,0.398,0.514,1.739,2023-10-01
House,New Westminster,1550700,383.9,0.008,-0.031,0.065,0.032,0.306,0.363,1.253,2023-10-01
House,North Vancouver,2273800,352.9,0.0,-0.005,0.033,0.069,0.26,0.33,1.144,2023-10-01
House,Pitt Meadows,1297400,390.2,-0.026,-0.043,0.084,0.097,0.373,0.533,1.689,2023-10-01
House,Port Coquitlam,1386100,390.5,-0.015,-0.027,0.024,0.055,0.392,0.472,1.644,2023-10-01
House,Port Moody,2089100,396.6,0.004,0.009,0.046,0.034,0.391,0.361,1.57,2023-10-01
House,Richmond,2155600,438.8,-0.011,-0.012,0.007,0.047,0.279,0.252,1.103,2023-10-01
House,Squamish,1571300,384.5,-0.006,-0.067,-0.015,-0.076,0.239,0.448,1.937,2023-10-01
House,Sunshine Coast,880400,307.6,-0.026,-0.053,-0.008,-0.038,0.288,0.445,1.503,2023-10-01
House,Tsawwassen,1572600,347.6,-0.014,0.008,0.016,0.022,0.336,0.374,1.29,2023-10-01
House,Vancouver East,1878200,417.7,-0.011,-0.01,0.056,0.092,0.258,0.304,1.198,2023-10-01
House,Vancouver West,3436500,357.1,-0.033,-0.006,0.034,0.069,0.128,0.1,0.578,2023-10-01
House,West Vancouver,3325400,307.9,0.013,0.026,0.08,0.002,0.18,0.135,0.613,2023-10-01
House,Whistler,2423200,317.0,-0.021,-0.076,-0.032,-0.084,0.28,0.488,1.532,2023-10-01
Townhouse,Lower Mainland,974500,371.1,-0.001,-0.005,0.027,0.055,0.391,0.4,1.385,2023-10-01
Townhouse,Greater Vancouver,1100500,382.3,0.002,-0.004,0.018,0.06,0.347,0.352,1.356,2023-10-01
Townhouse,Burnaby East,905400,390.3,-0.009,0.026,0.07,0.094,0.286,0.288,1.312,2023-10-01
Townhouse,Burnaby North,906100,372.3,-0.006,0.004,0.021,0.047,0.286,0.289,1.295,2023-10-01
Townhouse,Burnaby South,1019100,384.3,-0.003,0.001,0.036,0.09,0.272,0.281,1.34,2023-10-01
Townhouse,Coquitlam,1062900,414.4,-0.011,0.001,0.014,0.048,0.38,0.432,1.723,2023-10-01
Townhouse,Ladner,1004500,401.3,-0.004,0.017,0.035,0.098,0.424,0.329,1.533,2023-10-01
Townhouse,Maple Ridge,771300,386.6,-0.005,0.003,0.028,0.057,0.411,0.443,1.841,2023-10-01
Townhouse,New Westminster,963700,405.3,-0.008,0.007,0.027,0.04,0.395,0.381,1.41,2023-10-01
Townhouse,North Vancouver,1349100,361.4,0.028,-0.007,0.03,0.085,0.338,0.404,1.381,2023-10-01
Townhouse,Pitt Meadows,830100,406.1,0.017,-0.008,0.026,0.018,0.387,0.411,1.816,2023-10-01
Townhouse,Port Coquitlam,953100,382.9,0.009,-0.023,0.048,0.07,0.431,0.47,1.644,2023-10-01
Townhouse,Port Moody,1047200,403.7,-0.009,0.018,0.018,0.036,0.381,0.432,1.681,2023-10-01
Townhouse,Richmond,1104800,398.7,-0.019,-0.034,-0.002,0.052,0.358,0.318,1.269,2023-10-01
Townhouse,Squamish,1064400,382.6,0.035,0.02,0.028,0.07,0.423,0.391,1.996,2023-10-01
Townhouse,Sunshine Coast,768300,354.7,0.038,0.031,0.041,0.085,0.482,0.465,1.831,2023-10-01
Townhouse,Tsawwassen,1014100,299.8,-0.014,0.009,0.011,0.055,0.275,0.039,0.819,2023-10-01
Townhouse,Vancouver East,1118500,368.9,-0.019,-0.007,0.008,0.101,0.251,0.301,1.078,2023-10-01
Townhouse,Vancouver West,1481000,336.9,0.016,-0.01,-0.015,0.011,0.192,0.19,0.958,2023-10-01
Townhouse,Whistler,1545400,400.6,0.044,0.036,0.049,0.1,0.517,0.549,2.406,2023-10-01
Apartment,Lower Mainland,714800,357.0,0.002,-0.005,0.024,0.057,0.267,0.237,1.164,2023-10-01
Apartment,Greater Vancouver,770200,354.9,0.002,-0.002,0.023,0.064,0.24,0.213,1.146,2023-10-01
Apartment,Burnaby East,807900,345.7,0.014,0.005,0.025,0.069,0.236,0.203,1.143,2023-10-01
Apartment,Burnaby North,753700,375.3,0.009,0.009,0.015,0.047,0.271,0.284,1.28,2023-10-01
Apartment,Burnaby South,820300,393.1,-0.003,-0.002,0.029,0.09,0.274,0.246,1.27,2023-10-01
Apartment,Coquitlam,723000,409.9,-0.008,-0.026,0.009,0.036,0.283,0.263,1.633,2023-10-01
Apartment,Ladner,709400,360.8,-0.037,-0.011,0.01,-0.007,0.402,0.429,1.481,2023-10-01
Apartment,Maple Ridge,531600,372.0,-0.02,0.003,0.014,0.018,0.373,0.381,1.665,2023-10-01
Apartment,New Westminster,658300,401.6,-0.005,0.006,0.024,0.061,0.258,0.241,1.398,2023-10-01
Apartment,North Vancouver,814300,328.0,0.003,0.0,0.017,0.051,0.216,0.225,1.228,2023-10-01
Apartment,Pitt Meadows,606600,414.6,-0.016,-0.003,0.023,0.028,0.336,0.329,1.733,2023-10-01
Apartment,Port Coquitlam,631100,431.1,0.007,-0.009,0.017,0.038,0.336,0.381,1.713,2023-10-01
Apartment,Port Moody,751700,403.7,0.038,0.034,0.065,0.078,0.31,0.312,1.62,2023-10-01
Apartment,Richmond,763400,419.5,0.018,0.031,0.031,0.102,0.331,0.264,1.385,2023-10-01
Apartment,Squamish,629000,373.1,0.005,0.014,0.049,0.173,0.376,0.428,2.151,2023-10-01
Apartment,Sunshine Coast,590200,336.7,0.018,0.007,0.039,0.158,0.29,0.283,1.407,2023-10-01
Apartment,Tsawwassen,677500,317.6,-0.045,-0.019,0.001,-0.014,0.284,0.237,1.235,2023-10-01
Apartment,Vancouver East,715400,412.3,-0.005,-0.003,0.03,0.062,0.173,0.185,1.152,2023-10-01
Apartment,Vancouver West,851800,325.1,0.002,-0.017,0.014,0.043,0.158,0.106,0.955,2023-10-01
Apartment,West Vancouver,1289900,251.3,-0.032,-0.042,0.023,0.08,0.118,0.079,0.834,2023-10-01
Apartment,Whistler,730000,314.0,0.023,0.026,0.065,0.205,0.476,0.576,2.221,2023-10-01
Composite,Lower Mainland,1147100,348.6,-0.004,0.018,0.076,0.017,0.328,0.267,0.943,2023-08-01
Composite,Greater Vancouver,1208400,342.2,-0.002,0.017,0.067,0.025,0.276,0.21,0.833,2023-08-01
Composite,Bowen Island,1414700,296.9,-0.026,0.011,0.057,-0.086,0.345,0.47,1.478,2023-08-01
Composite,Burnaby East,1195100,371.8,-0.007,0.03,0.075,0.069,0.278,0.251,1.092,2023-08-01
Composite,Burnaby North,1019500,339.5,-0.002,0.001,0.052,0.012,0.233,0.195,0.969,2023-08-01
Composite,Burnaby South,1138000,359.1,0.003,0.023,0.072,0.045,0.269,0.222,1.013,2023-08-01
Composite,Coquitlam,1134000,354.6,-0.001,0.017,0.06,0.013,0.335,0.276,1.185,2023-08-01
Composite,Ladner,1178800,342.4,-0.002,0.03,0.116,0.033,0.444,0.375,1.22,2023-08-01
Composite,Maple Ridge,1005700,348.1,0.001,0.024,0.097,0.015,0.45,0.435,1.561,2023-08-01
Composite,New Westminster,846800,383.9,0.001,0.023,0.061,0.045,0.324,0.291,1.186,2023-08-01
Composite,North Vancouver,1394600,320.5,-0.011,-0.002,0.046,0.018,0.247,0.238,0.933,2023-08-01
Composite,Pitt Meadows,927300,370.5,-0.014,0.023,0.115,0.03,0.426,0.399,1.611,2023-08-01
Composite,Port Coquitlam,971400,373.6,-0.005,0.02,0.072,0.06,0.454,0.423,1.506,2023-08-01
Composite,Port Moody,1128800,356.5,0.007,0.015,0.028,-0.039,0.366,0.303,1.389,2023-08-01
Composite,Richmond,1187900,390.1,0.0,-0.004,0.042,0.043,0.33,0.206,0.96,2023-08-01
Composite,Squamish,1103300,360.3,-0.017,0.012,0.071,-0.043,0.365,0.405,1.636,2023-08-01
Composite,Sunshine Coast,841400,308.5,-0.027,0.04,0.033,-0.054,0.381,0.466,1.514,2023-08-01
Composite,Tsawwassen,1216300,316.0,-0.005,-0.005,0.111,-0.017,0.283,0.215,1.023,2023-08-01
Composite,Vancouver East,1238400,385.2,0.008,0.037,0.108,0.058,0.27,0.239,1.017,2023-08-01
Composite,Vancouver West,1346300,316.5,-0.003,0.02,0.06,0.038,0.145,0.044,0.492,2023-08-01
Composite,West Vancouver,2660200,286.8,0.004,0.037,0.076,-0.037,0.156,0.056,0.529,2023-08-01
Composite,Whistler,1399000,314.3,-0.019,0.007,0.062,-0.055,0.396,0.481,1.714,2023-08-01
House,Lower Mainland,1802100,394.6,0.0,0.032,0.107,0.028,0.373,0.358,1.117,2023-08-01
House,Greater Vancouver,2018500,375.3,0.003,0.033,0.097,0.032,0.318,0.27,0.915,2023-08-01
House,Bowen Island,1417700,297.0,-0.026,0.041,0.056,-0.086,0.344,0.475,1.479,2023-08-01
House,Burnaby East,1923700,411.4,-0.011,0.055,0.11,0.127,0.364,0.39,1.334,2023-08-01
House,Burnaby North,2047100,391.4,0.003,0.033,0.103,0.048,0.332,0.331,1.142,2023-08-01
House,Burnaby South,2250400,421.7,0.006,0.034,0.138,0.076,0.352,0.33,1.18,2023-08-01
House,Coquitlam,1798000,416.3,0.001,0.024,0.068,0.018,0.402,0.366,1.538,2023-08-01
House,Ladner,1446000,350.0,-0.003,0.037,0.169,0.02,0.455,0.449,1.286,2023-08-01
House,Maple Ridge,1310600,382.8,0.003,0.039,0.117,0.022,0.475,0.515,1.788,2023-08-01
House,New Westminster,1587300,393.0,-0.008,0.04,0.1,0.09,0.376,0.405,1.305,2023-08-01
House,North Vancouver,2268500,352.1,-0.008,0.0,0.071,0.027,0.278,0.321,1.171,2023-08-01
House,Pitt Meadows,1317800,396.3,-0.028,0.034,0.15,0.063,0.433,0.458,1.669,2023-08-01
House,Port Coquitlam,1438600,405.2,0.01,0.033,0.104,0.084,0.492,0.499,1.736,2023-08-01
House,Port Moody,2076500,394.2,0.003,0.034,0.047,-0.028,0.436,0.33,1.558,2023-08-01
House,Richmond,2199700,447.7,0.008,0.004,0.071,0.039,0.337,0.235,1.154,2023-08-01
House,Squamish,1595500,390.4,-0.053,-0.031,0.062,-0.103,0.318,0.483,2.05,2023-08-01
House,Sunshine Coast,894200,312.4,-0.038,0.037,0.03,-0.064,0.387,0.509,1.554,2023-08-01
House,Tsawwassen,1547800,342.1,-0.008,-0.004,0.159,-0.031,0.317,0.306,1.239,2023-08-01
House,Vancouver East,1913500,425.6,0.009,0.05,0.13,0.063,0.294,0.302,1.241,2023-08-01
House,Vancouver West,3519100,365.7,0.018,0.054,0.078,0.045,0.174,0.089,0.649,2023-08-01
House,West Vancouver,3273900,303.1,0.01,0.052,0.1,-0.022,0.176,0.087,0.616,2023-08-01
House,Whistler,2462500,322.1,-0.061,-0.022,0.072,-0.099,0.376,0.515,1.589,2023-08-01
Townhouse,Lower Mainland,976700,371.9,-0.002,0.021,0.066,0.026,0.407,0.373,1.393,2023-08-01
Townhouse,Greater Vancouver,1103900,383.4,-0.001,0.019,0.05,0.038,0.364,0.33,1.37,2023-08-01
Townhouse,Burnaby East,903200,389.3,0.023,0.033,0.058,0.047,0.323,0.358,1.283,2023-08-01
Townhouse,Burnaby North,914900,375.9,0.014,0.014,0.042,0.0,0.322,0.281,1.32,2023-08-01
Townhouse,Burnaby South,1036600,390.9,0.018,0.045,0.059,0.084,0.318,0.273,1.381,2023-08-01
Townhouse,Coquitlam,1071300,417.7,0.009,0.012,0.055,0.012,0.414,0.419,1.705,2023-08-01
Townhouse,Ladner,988000,394.7,0.001,0.014,0.034,0.089,0.397,0.295,1.52,2023-08-01
Townhouse,Maple Ridge,763400,382.7,-0.008,-0.006,0.057,0.021,0.401,0.385,1.73,2023-08-01
Townhouse,New Westminster,959600,403.5,0.002,0.016,0.026,0.031,0.4,0.349,1.398,2023-08-01
Townhouse,North Vancouver,1320100,353.6,-0.029,0.014,-0.032,0.014,0.311,0.349,1.313,2023-08-01
Townhouse,Pitt Meadows,829600,405.9,-0.008,0.004,0.088,0.004,0.404,0.315,1.797,2023-08-01
Townhouse,Port Coquitlam,953700,383.2,-0.022,0.027,0.079,0.055,0.434,0.444,1.704,2023-08-01
Townhouse,Port Moody,1057200,407.6,0.028,0.015,0.07,-0.026,0.409,0.409,1.69,2023-08-01
Townhouse,Richmond,1120800,404.5,-0.02,0.001,0.037,0.068,0.396,0.304,1.307,2023-08-01
Townhouse,Squamish,1065600,383.0,0.021,0.051,0.067,0.028,0.467,0.387,2.023,2023-08-01
Townhouse,Sunshine Coast,766900,354.1,0.029,0.056,0.066,0.041,0.521,0.48,1.808,2023-08-01
Townhouse,Tsawwassen,1004800,297.0,0.0,-0.001,0.002,0.058,0.245,0.018,0.821,2023-08-01
Townhouse,Vancouver East,1135400,374.5,0.008,0.024,0.076,0.037,0.268,0.243,1.128,2023-08-01
Townhouse,Vancouver West,1498300,340.8,0.001,0.028,0.077,0.035,0.215,0.188,1.036,2023-08-01
Townhouse,Whistler,1536500,398.3,0.03,0.055,0.084,0.047,0.571,0.549,2.398,2023-08-01
Apartment,Lower Mainland,716800,358.0,-0.003,0.013,0.06,0.039,0.267,0.21,1.144,2023-08-01
Apartment,Greater Vancouver,770000,354.8,-0.002,0.012,0.054,0.044,0.234,0.185,1.117,2023-08-01
Apartment,Burnaby East,799000,341.9,-0.006,0.013,0.072,0.026,0.238,0.171,1.085,2023-08-01
Apartment,Burnaby North,747500,372.3,0.001,-0.007,0.042,0.031,0.269,0.222,1.277,2023-08-01
Apartment,Burnaby South,823300,394.5,0.001,0.022,0.067,0.058,0.286,0.213,1.288,2023-08-01
Apartment,Coquitlam,742600,421.0,0.001,0.026,0.072,0.058,0.316,0.273,1.626,2023-08-01
Apartment,Ladner,731900,372.3,0.02,0.038,0.058,0.028,0.46,0.453,1.416,2023-08-01
Apartment,Maple Ridge,545400,381.7,0.029,0.025,0.089,0.005,0.438,0.382,1.667,2023-08-01
Apartment,New Westminster,659200,402.2,0.007,0.018,0.054,0.031,0.276,0.231,1.355,2023-08-01
Apartment,North Vancouver,817400,329.2,0.004,0.018,0.068,0.052,0.256,0.209,1.19,2023-08-01
Apartment,Pitt Meadows,619800,423.7,0.019,0.03,0.099,0.012,0.403,0.32,1.734,2023-08-01
Apartment,Port Coquitlam,626600,428.0,-0.017,0.002,0.031,0.025,0.342,0.319,1.728,2023-08-01
Apartment,Port Moody,729600,391.8,0.004,0.018,0.048,0.016,0.288,0.274,1.547,2023-08-01
Apartment,Richmond,747000,410.4,0.008,0.0,0.025,0.065,0.286,0.232,1.294,2023-08-01
Apartment,Squamish,633600,375.8,0.021,0.061,0.084,0.013,0.402,0.332,2.085,2023-08-01
Apartment,Sunshine Coast,596000,340.0,0.016,0.078,0.078,-0.014,0.303,0.177,1.316,2023-08-01
Apartment,Tsawwassen,702300,329.3,0.017,0.035,0.057,0.027,0.331,0.244,1.165,2023-08-01
Apartment,Vancouver East,723900,417.2,0.008,0.023,0.068,0.04,0.174,0.165,1.224,2023-08-01
Apartment,Vancouver West,847000,323.3,-0.022,-0.003,0.044,0.034,0.119,0.078,0.91,2023-08-01
Apartment,West Vancouver,1356700,264.4,0.008,0.043,0.051,0.096,0.297,0.095,0.865,2023-08-01
Apartment,Whistler,729000,313.5,0.025,0.068,0.116,0.022,0.489,0.438,2.056,2023-08-01
Composite,Lower Mainland,1144400,347.7,0.015,0.06,0.085,-0.041,0.352,0.23,0.947,2023-06-01
Composite,Greater Vancouver,1203000,340.7,0.013,0.05,0.081,-0.024,0.292,0.175,0.836,2023-06-01
Composite,Bowen Island,1387700,291.2,0.021,-0.018,-0.036,-0.168,0.376,0.387,1.348,2023-06-01
Composite,Burnaby East,1190700,370.5,0.027,0.069,0.091,0.001,0.305,0.178,1.074,2023-06-01
Composite,Burnaby North,1027300,342.1,0.009,0.042,0.068,-0.037,0.268,0.178,1.011,2023-06-01
Composite,Burnaby South,1123100,354.4,0.01,0.05,0.064,-0.017,0.241,0.176,0.987,2023-06-01
Composite,Coquitlam,1134200,354.7,0.017,0.047,0.071,-0.029,0.357,0.255,1.196,2023-06-01
Composite,Ladner,1163500,337.9,0.016,0.094,0.099,-0.02,0.42,0.336,1.217,2023-06-01
Composite,Maple Ridge,997900,345.4,0.016,0.073,0.094,-0.065,0.458,0.392,1.549,2023-06-01
Composite,New Westminster,840200,380.9,0.015,0.048,0.085,0.003,0.343,0.24,1.178,2023-06-01
Composite,North Vancouver,1409100,323.8,0.008,0.048,0.086,-0.021,0.283,0.199,0.961,2023-06-01
Composite,Pitt Meadows,927300,370.5,0.023,0.095,0.096,-0.049,0.433,0.363,1.65,2023-06-01
Composite,Port Coquitlam,967900,372.3,0.017,0.058,0.092,-0.013,0.47,0.365,1.507,2023-06-01
Composite,Port Moody,1118900,353.4,0.006,0.018,0.038,-0.075,0.359,0.257,1.373,2023-06-01
Composite,Richmond,1185500,389.3,-0.006,0.029,0.089,0.002,0.352,0.185,0.963,2023-06-01
Composite,Squamish,1102700,360.1,0.012,0.057,0.111,-0.085,0.387,0.391,1.594,2023-06-01
Composite,Sunshine Coast,842600,309.0,0.041,0.02,0.011,-0.114,0.456,0.431,1.512,2023-06-01
Composite,Tsawwassen,1246800,323.9,0.02,0.097,0.101,-0.047,0.346,0.224,1.076,2023-06-01
Composite,Vancouver East,1217300,378.6,0.02,0.073,0.096,-0.003,0.278,0.188,0.982,2023-06-01
Composite,Vancouver West,1336800,314.2,0.013,0.044,0.086,-0.003,0.147,0.017,0.5,2023-06-01
Composite,West Vancouver,2646700,285.3,0.032,0.06,0.038,-0.084,0.215,-0.003,0.545,2023-06-01
Composite,Whistler,1404100,315.5,0.011,0.049,0.091,-0.096,0.421,0.493,1.699,2023-06-01
House,Lower Mainland,1781700,390.1,0.021,0.076,0.099,-0.048,0.391,0.311,1.102,2023-06-01
House,Greater Vancouver,1991300,370.3,0.019,0.065,0.092,-0.032,0.326,0.221,0.901,2023-06-01
House,Bowen Island,1390400,291.3,0.021,-0.018,-0.036,-0.167,0.375,0.386,1.349,2023-06-01
House,Burnaby East,1912200,408.9,0.048,0.115,0.155,0.024,0.397,0.308,1.322,2023-06-01
House,Burnaby North,2039400,389.9,0.029,0.059,0.082,-0.039,0.333,0.281,1.164,2023-06-01
House,Burnaby South,2213200,414.8,0.017,0.088,0.095,-0.017,0.316,0.265,1.139,2023-06-01
House,Coquitlam,1787000,413.8,0.018,0.042,0.069,-0.031,0.421,0.347,1.522,2023-06-01
House,Ladner,1422900,344.4,0.02,0.142,0.099,-0.036,0.427,0.377,1.284,2023-06-01
House,Maple Ridge,1284200,375.1,0.018,0.079,0.1,-0.069,0.466,0.458,1.73,2023-06-01
House,New Westminster,1570600,388.9,0.029,0.092,0.116,0.015,0.399,0.323,1.273,2023-06-01
House,North Vancouver,2271400,352.5,0.001,0.059,0.09,-0.024,0.317,0.263,1.183,2023-06-01
House,Pitt Meadows,1319700,396.9,0.035,0.113,0.138,-0.043,0.461,0.428,1.76,2023-06-01
House,Port Coquitlam,1418300,399.5,0.019,0.077,0.111,-0.007,0.512,0.436,1.74,2023-06-01
House,Port Moody,2035300,386.4,0.014,0.024,0.046,-0.071,0.411,0.3,1.527,2023-06-01
House,Richmond,2182000,444.1,-0.004,0.036,0.101,0.007,0.354,0.213,1.135,2023-06-01
House,Squamish,1639400,401.1,-0.005,0.064,0.08,-0.104,0.362,0.475,2.083,2023-06-01
House,Sunshine Coast,899900,314.4,0.044,0.016,-0.011,-0.12,0.471,0.464,1.571,2023-06-01
House,Tsawwassen,1596700,352.9,0.028,0.141,0.108,-0.056,0.389,0.311,1.32,2023-06-01
House,Vancouver East,1879700,418.1,0.031,0.098,0.116,-0.015,0.311,0.254,1.209,2023-06-01
House,Vancouver West,3418700,355.2,0.024,0.045,0.099,-0.032,0.132,0.052,0.626,2023-06-01
House,West Vancouver,3226100,298.7,0.037,0.06,0.041,-0.076,0.221,0.022,0.614,2023-06-01
House,Whistler,2510500,328.4,-0.003,0.061,0.075,-0.106,0.383,0.483,1.613,2023-06-01
Townhouse,Lower Mainland,973600,370.8,0.018,0.051,0.085,-0.029,0.421,0.351,1.391,2023-06-01
Townhouse,Greater Vancouver,1098900,381.7,0.015,0.037,0.09,-0.01,0.379,0.307,1.361,2023-06-01
Townhouse,Burnaby East,863500,372.2,-0.013,0.029,0.026,-0.012,0.271,0.238,1.175,2023-06-01
Townhouse,Burnaby North,903500,371.2,0.001,0.039,0.067,-0.064,0.302,0.256,1.32,2023-06-01
Townhouse,Burnaby South,997800,376.2,0.006,0.036,0.057,-0.034,0.285,0.195,1.269,2023-06-01
Townhouse,Coquitlam,1074600,418.9,0.015,0.058,0.098,-0.011,0.413,0.388,1.722,2023-06-01
Townhouse,Ladner,971700,388.2,-0.002,0.005,0.135,0.006,0.346,0.305,1.471,2023-06-01
Townhouse,Maple Ridge,785000,393.5,0.022,0.076,0.106,-0.054,0.482,0.408,1.829,2023-06-01
Townhouse,New Westminster,945100,397.4,0.001,0.009,0.072,-0.017,0.381,0.347,1.342,2023-06-01
Townhouse,North Vancouver,1336600,358.0,0.026,-0.014,0.079,-0.019,0.355,0.325,1.351,2023-06-01
Townhouse,Pitt Meadows,831800,406.9,0.007,0.096,0.033,-0.052,0.402,0.34,1.746,2023-06-01
Townhouse,Port Coquitlam,962100,386.5,0.036,0.08,0.108,-0.017,0.456,0.405,1.701,2023-06-01
Townhouse,Port Moody,1033100,398.3,-0.008,0.033,0.058,-0.065,0.41,0.366,1.633,2023-06-01
Townhouse,Richmond,1121500,404.7,0.001,0.024,0.078,0.021,0.397,0.298,1.325,2023-06-01
Townhouse,Squamish,1055100,379.3,0.041,0.052,0.104,-0.017,0.494,0.403,2.02,2023-06-01
Townhouse,Sunshine Coast,757000,349.5,0.042,0.052,0.105,-0.007,0.555,0.468,1.789,2023-06-01
Townhouse,Tsawwassen,999600,295.5,-0.006,-0.012,0.103,-0.014,0.213,0.032,0.822,2023-06-01
Townhouse,Vancouver East,1108900,365.7,0.0,0.016,0.079,-0.008,0.271,0.183,1.085,2023-06-01
Townhouse,Vancouver West,1497000,340.5,0.027,0.051,0.121,0.015,0.27,0.153,1.018,2023-06-01
Townhouse,Whistler,1513400,392.3,0.039,0.049,0.108,-0.011,0.59,0.559,2.405,2023-06-01
Apartment,Lower Mainland,714400,356.8,0.01,0.047,0.081,-0.002,0.267,0.181,1.148,2023-06-01
Apartment,Greater Vancouver,767000,353.5,0.008,0.043,0.078,0.005,0.231,0.161,1.121,2023-06-01
Apartment,Burnaby East,798600,341.7,0.012,0.023,0.06,-0.002,0.235,0.148,1.116,2023-06-01
Apartment,Burnaby North,753800,375.4,0.001,0.042,0.077,0.007,0.309,0.226,1.316,2023-06-01
Apartment,Burnaby South,812100,389.1,0.008,0.042,0.077,0.03,0.234,0.184,1.282,2023-06-01
Apartment,Coquitlam,737500,418.1,0.019,0.051,0.073,0.006,0.315,0.254,1.666,2023-06-01
Apartment,Ladner,719100,365.8,0.02,0.015,0.074,-0.02,0.482,0.46,1.388,2023-06-01
Apartment,Maple Ridge,532600,372.7,0.001,0.054,0.055,-0.049,0.391,0.3,1.641,2023-06-01
Apartment,New Westminster,653400,398.7,0.01,0.029,0.075,0.003,0.277,0.195,1.368,2023-06-01
Apartment,North Vancouver,819100,329.9,0.02,0.064,0.091,0.007,0.24,0.174,1.183,2023-06-01
Apartment,Pitt Meadows,606800,414.8,0.008,0.064,0.069,-0.041,0.358,0.245,1.72,2023-06-01
Apartment,Port Coquitlam,630200,430.5,0.007,0.026,0.055,-0.024,0.362,0.272,1.728,2023-06-01
Apartment,Port Moody,728000,391.0,0.016,0.038,0.072,-0.024,0.252,0.219,1.514,2023-06-01
Apartment,Richmond,739800,406.5,-0.01,0.02,0.083,0.001,0.289,0.228,1.284,2023-06-01
Apartment,Squamish,606400,359.7,0.016,0.046,0.201,-0.125,0.403,0.33,1.81,2023-06-01
Apartment,Sunshine Coast,576100,328.6,0.042,0.066,0.199,-0.13,0.31,0.19,1.145,2023-06-01
Apartment,Tsawwassen,690700,323.8,0.017,0.013,0.07,-0.025,0.327,0.269,1.142,2023-06-01
Apartment,Vancouver East,713600,411.3,0.009,0.039,0.062,0.005,0.167,0.136,1.187,2023-06-01
Apartment,Vancouver West,856000,326.7,0.007,0.045,0.069,0.016,0.127,0.068,0.952,2023-06-01
Apartment,West Vancouver,1339700,261.0,0.03,0.104,0.113,0.063,0.316,0.027,0.846,2023-06-01
Apartment,Whistler,697400,300.0,0.022,0.075,0.224,-0.109,0.471,0.446,1.732,2023-06-01
Composite,Lower Mainland,1151700,350.0,0.007,0.038,0.096,-0.009,0.349,0.253,0.953,2023-07-01
Composite,Greater Vancouver,1210700,342.9,0.006,0.032,0.086,0.005,0.293,0.195,0.84,2023-07-01
Composite,Bowen Island,1452200,304.8,0.047,0.016,0.029,-0.104,0.403,0.494,1.486,2023-07-01
Composite,Burnaby East,1203600,374.5,0.011,0.068,0.087,0.036,0.304,0.202,1.1,2023-07-01
Composite,Burnaby North,1021400,340.1,-0.006,0.018,0.06,-0.024,0.251,0.181,0.984,2023-07-01
Composite,Burnaby South,1135000,358.2,0.011,0.029,0.081,0.037,0.281,0.196,1.004,2023-07-01
Composite,Coquitlam,1135300,355.0,0.001,0.031,0.068,-0.011,0.348,0.262,1.195,2023-07-01
Composite,Ladner,1181500,343.2,0.016,0.059,0.128,0.013,0.451,0.366,1.224,2023-07-01
Composite,Maple Ridge,1004600,347.7,0.007,0.049,0.113,-0.032,0.465,0.416,1.545,2023-07-01
Composite,New Westminster,846400,383.7,0.007,0.042,0.081,0.023,0.336,0.261,1.193,2023-07-01
Composite,North Vancouver,1410100,324.0,0.001,0.028,0.091,-0.001,0.273,0.219,0.98,2023-07-01
Composite,Pitt Meadows,940400,375.7,0.014,0.078,0.146,-0.003,0.445,0.4,1.64,2023-07-01
Composite,Port Coquitlam,975800,375.3,0.008,0.048,0.095,0.032,0.472,0.399,1.524,2023-07-01
Composite,Port Moody,1120500,353.9,0.001,0.011,0.012,-0.065,0.352,0.277,1.372,2023-07-01
Composite,Richmond,1188300,390.2,0.002,0.013,0.073,0.026,0.347,0.193,0.961,2023-07-01
Composite,Squamish,1122500,366.6,0.018,0.04,0.117,-0.059,0.393,0.432,1.658,2023-07-01
Composite,Sunshine Coast,864900,317.2,0.027,0.039,0.046,-0.068,0.459,0.488,1.55,2023-07-01
Composite,Tsawwassen,1222100,317.5,-0.02,0.003,0.091,-0.021,0.302,0.211,1.021,2023-07-01
Composite,Vancouver East,1229100,382.3,0.01,0.051,0.115,0.029,0.275,0.219,0.996,2023-07-01
Composite,Vancouver West,1350900,317.6,0.011,0.029,0.092,0.03,0.158,0.035,0.499,2023-07-01
Composite,West Vancouver,2649300,285.6,0.001,0.045,0.055,-0.053,0.195,0.032,0.535,2023-07-01
Composite,Whistler,1426300,320.4,0.016,0.026,0.092,-0.073,0.432,0.521,1.772,2023-07-01
House,Lower Mainland,1802100,394.6,0.012,0.054,0.125,-0.007,0.388,0.342,1.12,2023-07-01
House,Greater Vancouver,2012900,374.3,0.011,0.049,0.112,0.006,0.327,0.252,0.914,2023-07-01
House,Bowen Island,1455200,304.9,0.047,0.016,0.029,-0.104,0.404,0.494,1.489,2023-07-01
House,Burnaby East,1944700,415.9,0.017,0.117,0.132,0.09,0.413,0.336,1.36,2023-07-01
House,Burnaby North,2040600,390.2,0.001,0.047,0.088,-0.014,0.326,0.304,1.152,2023-07-01
House,Burnaby South,2235800,419.0,0.01,0.041,0.141,0.068,0.357,0.277,1.174,2023-07-01
House,Coquitlam,1795400,415.7,0.005,0.039,0.079,-0.015,0.417,0.348,1.544,2023-07-01
House,Ladner,1450200,351.0,0.019,0.076,0.168,-0.003,0.461,0.422,1.288,2023-07-01
House,Maple Ridge,1307400,381.8,0.018,0.066,0.13,-0.028,0.495,0.496,1.751,2023-07-01
House,New Westminster,1599400,396.0,0.018,0.099,0.117,0.071,0.425,0.37,1.314,2023-07-01
House,North Vancouver,2286100,354.8,0.007,0.038,0.122,0.003,0.302,0.295,1.213,2023-07-01
House,Pitt Meadows,1355900,407.8,0.027,0.133,0.205,0.024,0.486,0.486,1.755,2023-07-01
House,Port Coquitlam,1424600,401.3,0.005,0.052,0.112,0.021,0.501,0.46,1.73,2023-07-01
House,Port Moody,2070700,393.1,0.017,0.037,0.031,-0.047,0.428,0.329,1.544,2023-07-01
House,Richmond,2181700,444.1,0.0,0.019,0.109,0.022,0.349,0.223,1.13,2023-07-01
House,Squamish,1684100,412.1,0.027,0.055,0.145,-0.064,0.391,0.537,2.197,2023-07-01
House,Sunshine Coast,929900,324.9,0.033,0.048,0.044,-0.064,0.484,0.54,1.618,2023-07-01
House,Tsawwassen,1560700,345.0,-0.022,0.008,0.122,-0.024,0.339,0.297,1.243,2023-07-01
House,Vancouver East,1897200,422.0,0.009,0.066,0.137,0.037,0.289,0.284,1.221,2023-07-01
House,Vancouver West,3458000,359.3,0.012,0.041,0.1,0.01,0.14,0.077,0.627,2023-07-01
House,West Vancouver,3241600,300.1,0.005,0.052,0.063,-0.042,0.206,0.06,0.618,2023-07-01
House,Whistler,2623200,343.1,0.045,0.047,0.146,-0.065,0.448,0.581,1.734,2023-07-01
Townhouse,Lower Mainland,979100,372.8,0.005,0.032,0.089,-0.005,0.414,0.363,1.401,2023-07-01
Townhouse,Greater Vancouver,1104600,383.7,0.005,0.022,0.08,0.012,0.369,0.32,1.376,2023-07-01
Townhouse,Burnaby East,882800,380.5,0.022,0.043,0.031,-0.01,0.283,0.292,1.247,2023-07-01
Townhouse,Burnaby North,902500,370.8,-0.001,0.017,0.04,-0.027,0.3,0.248,1.332,2023-07-01
Townhouse,Burnaby South,1018000,383.9,0.02,0.035,0.047,0.035,0.299,0.244,1.349,2023-07-01
Townhouse,Coquitlam,1061900,414.0,-0.012,0.013,0.074,-0.017,0.397,0.369,1.688,2023-07-01
Townhouse,Ladner,987500,394.5,0.016,0.017,0.091,0.041,0.383,0.305,1.508,2023-07-01
Townhouse,Maple Ridge,769300,385.6,-0.02,0.025,0.095,-0.026,0.427,0.397,1.768,2023-07-01
Townhouse,New Westminster,957300,402.6,0.013,0.021,0.063,0.003,0.402,0.353,1.392,2023-07-01
Townhouse,North Vancouver,1359100,364.1,0.017,0.038,0.044,0.006,0.374,0.368,1.406,2023-07-01
Townhouse,Pitt Meadows,836600,409.3,0.006,0.034,0.103,-0.018,0.412,0.334,1.751,2023-07-01
Townhouse,Port Coquitlam,975300,391.8,0.014,0.073,0.125,0.068,0.472,0.451,1.749,2023-07-01
Townhouse,Port Moody,1028900,396.6,-0.004,0.0,0.029,-0.075,0.391,0.373,1.618,2023-07-01
Townhouse,Richmond,1143200,412.6,0.02,0.033,0.073,0.068,0.408,0.322,1.373,2023-07-01
Townhouse,Squamish,1043200,375.0,-0.011,0.007,0.065,-0.037,0.417,0.391,1.967,2023-07-01
Townhouse,Sunshine Coast,745500,344.2,-0.015,0.01,0.064,-0.025,0.448,0.455,1.771,2023-07-01
Townhouse,Tsawwassen,1004800,297.0,0.005,0.001,0.058,0.005,0.232,0.021,0.847,2023-07-01
Townhouse,Vancouver East,1126300,371.5,0.016,0.016,0.105,-0.008,0.283,0.231,1.118,2023-07-01
Townhouse,Vancouver West,1496600,340.4,0.0,-0.005,0.128,0.032,0.231,0.155,1.009,2023-07-01
Townhouse,Whistler,1491900,386.7,-0.014,0.012,0.073,-0.026,0.501,0.535,2.354,2023-07-01
Apartment,Lower Mainland,718600,358.9,0.006,0.029,0.075,0.021,0.281,0.193,1.15,2023-07-01
Apartment,Greater Vancouver,771600,355.6,0.006,0.025,0.071,0.026,0.248,0.169,1.122,2023-07-01
Apartment,Burnaby East,803700,343.9,0.006,0.019,0.082,0.007,0.244,0.155,1.094,2023-07-01
Apartment,Burnaby North,747100,372.1,-0.009,0.007,0.062,0.006,0.293,0.211,1.261,2023-07-01
Apartment,Burnaby South,822200,394.0,0.013,0.031,0.079,0.055,0.284,0.198,1.292,2023-07-01
Apartment,Coquitlam,742200,420.7,0.006,0.036,0.068,0.04,0.318,0.272,1.623,2023-07-01
Apartment,Ladner,717400,364.9,-0.002,0.022,0.027,0.02,0.465,0.463,1.413,2023-07-01
Apartment,Maple Ridge,530100,371.0,-0.005,0.011,0.061,-0.043,0.379,0.31,1.669,2023-07-01
Apartment,New Westminster,654600,399.4,0.002,0.018,0.07,0.008,0.264,0.199,1.366,2023-07-01
Apartment,North Vancouver,814400,328.0,-0.006,0.017,0.085,0.021,0.239,0.178,1.224,2023-07-01
Apartment,Pitt Meadows,608100,415.7,0.002,0.026,0.079,-0.029,0.361,0.269,1.748,2023-07-01
Apartment,Port Coquitlam,637100,435.2,0.011,0.026,0.058,0.021,0.366,0.302,1.784,2023-07-01
Apartment,Port Moody,726700,390.3,-0.002,0.029,0.045,0.003,0.251,0.232,1.539,2023-07-01
Apartment,Richmond,740800,407.0,0.001,0.0,0.034,0.032,0.292,0.213,1.256,2023-07-01
Apartment,Squamish,620600,368.1,0.023,0.035,0.088,-0.082,0.438,0.343,1.919,2023-07-01
Apartment,Sunshine Coast,586300,334.5,0.018,0.032,0.104,-0.105,0.349,0.181,1.206,2023-07-01
Apartment,Tsawwassen,690600,323.8,0.0,0.02,0.034,0.012,0.331,0.273,1.172,2023-07-01
Apartment,Vancouver East,717700,413.7,0.006,0.034,0.069,0.005,0.188,0.148,1.19,2023-07-01
Apartment,Vancouver West,866300,330.6,0.012,0.032,0.08,0.039,0.16,0.078,0.954,2023-07-01
Apartment,West Vancouver,1346000,262.3,0.005,0.068,0.119,0.079,0.297,0.053,0.81,2023-07-01
Apartment,Whistler,711500,306.0,0.02,0.038,0.111,-0.065,0.533,0.456,1.871,2023-07-01
Composite,Lower Mainland,1093000,331.2,-0.009,-0.062,-0.117,0.021,0.338,0.163,0.881,2022-10-01
Composite,Greater Vancouver,1148900,324.5,-0.006,-0.048,-0.092,0.021,0.278,0.096,0.772,2022-10-01
Composite,Bowen Island,1412000,297.7,-0.027,-0.128,-0.156,-0.004,0.52,0.543,1.432,2022-10-01
Composite,Burnaby East,1125900,352.3,0.011,-0.024,-0.077,0.063,0.27,0.159,0.956,2022-10-01
Composite,Burnaby North,994400,330.5,-0.003,-0.054,-0.076,0.048,0.282,0.121,0.977,2022-10-01
Composite,Burnaby South,1064300,332.9,-0.003,-0.033,-0.103,0.044,0.232,0.118,0.895,2022-10-01
Composite,Coquitlam,1074200,334.3,-0.012,-0.053,-0.115,0.036,0.354,0.233,1.078,2022-10-01
Composite,Ladner,1110600,321.9,0.006,-0.05,-0.1,0.043,0.431,0.248,1.109,2022-10-01
Composite,Maple Ridge,941200,324.8,-0.023,-0.096,-0.173,-0.01,0.449,0.4,1.418,2022-10-01
Composite,New Westminster,809800,364.3,0.002,-0.029,-0.065,0.074,0.336,0.271,1.119,2022-10-01
Composite,North Vancouver,1330800,306.6,0.008,-0.056,-0.101,0.02,0.271,0.115,0.92,2022-10-01
Composite,Pitt Meadows,873100,341.5,-0.027,-0.086,-0.154,0.011,0.427,0.392,1.408,2022-10-01
Composite,Port Coquitlam,911000,350.8,-0.001,-0.037,-0.121,0.057,0.44,0.371,1.343,2022-10-01
Composite,Port Moody,1117500,352.2,-0.02,-0.067,-0.086,0.076,0.442,0.302,1.375,2022-10-01
Composite,Richmond,1121200,366.5,-0.009,-0.035,-0.066,0.05,0.305,0.106,0.855,2022-10-01
Composite,Squamish,1076600,353.9,-0.006,-0.095,-0.084,0.027,0.372,0.429,1.61,2022-10-01
Composite,Sunshine Coast,835900,307.9,-0.033,-0.092,-0.109,0.041,0.489,0.565,1.495,2022-10-01
Composite,Tsawwassen,1218400,317.5,0.002,-0.031,-0.094,0.057,0.368,0.187,1.027,2022-10-01
Composite,Vancouver East,1127300,350.4,-0.016,-0.058,-0.1,0.004,0.243,0.091,0.852,2022-10-01
Composite,Vancouver West,1276800,299.6,-0.003,-0.029,-0.077,-0.022,0.123,-0.103,0.461,2022-10-01
Composite,West Vancouver,2732300,295.1,0.011,-0.028,-0.038,0.018,0.255,-0.029,0.611,2022-10-01
Composite,Whistler,1419700,312.7,0.004,-0.09,-0.072,0.027,0.427,0.578,1.632,2022-10-01
House,Lower Mainland,1685100,369.0,-0.011,-0.072,-0.133,0.008,0.372,0.211,1.009,2022-10-01
House,Greater Vancouver,1892100,352.3,-0.007,-0.054,-0.1,0.016,0.312,0.11,0.819,2022-10-01
House,Bowen Island,1412600,297.7,-0.027,-0.127,-0.155,-0.003,0.52,0.544,1.434,2022-10-01
House,Burnaby East,1826700,388.5,0.023,0.012,-0.076,0.076,0.356,0.264,1.224,2022-10-01
House,Burnaby North,1946300,371.9,-0.006,-0.063,-0.084,0.071,0.337,0.16,1.093,2022-10-01
House,Burnaby South,2067300,384.0,-0.006,-0.019,-0.116,0.051,0.285,0.117,1.015,2022-10-01
House,Coquitlam,1750400,400.5,-0.016,-0.055,-0.108,0.051,0.457,0.344,1.441,2022-10-01
House,Ladner,1354900,327.2,-0.001,-0.072,-0.125,0.01,0.469,0.251,1.141,2022-10-01
House,Maple Ridge,1199900,350.8,-0.024,-0.107,-0.184,-0.027,0.465,0.471,1.561,2022-10-01
House,New Westminster,1497400,374.3,0.011,0.007,-0.076,0.064,0.418,0.296,1.203,2022-10-01
House,North Vancouver,2124600,331.4,0.015,-0.067,-0.112,0.008,0.299,0.149,1.092,2022-10-01
House,Pitt Meadows,1189400,351.4,-0.042,-0.109,-0.192,-0.069,0.413,0.389,1.42,2022-10-01
House,Port Coquitlam,1313100,371.1,-0.001,-0.059,-0.147,0.029,0.46,0.393,1.482,2022-10-01
House,Port Moody,2029800,384.4,-0.021,-0.07,-0.085,0.084,0.464,0.331,1.45,2022-10-01
House,Richmond,2053800,419.2,-0.013,-0.036,-0.065,0.042,0.304,0.137,1.003,2022-10-01
House,Squamish,1685700,418.0,0.016,-0.057,-0.046,0.058,0.508,0.571,2.294,2022-10-01
House,Sunshine Coast,917000,319.7,-0.031,-0.08,-0.108,0.054,0.554,0.625,1.58,2022-10-01
House,Tsawwassen,1536100,340.2,-0.003,-0.037,-0.112,0.039,0.431,0.26,1.193,2022-10-01
House,Vancouver East,1719100,384.7,-0.013,-0.057,-0.115,0.006,0.264,0.131,1.05,2022-10-01
House,Vancouver West,3188400,332.7,-0.021,-0.057,-0.098,-0.051,0.105,-0.105,0.53,2022-10-01
House,West Vancouver,3317500,308.5,0.016,-0.018,-0.021,0.031,0.265,0.007,0.685,2022-10-01
House,Whistler,2639400,356.4,0.02,-0.059,-0.04,0.07,0.554,0.59,1.929,2022-10-01
Townhouse,Lower Mainland,927900,351.1,-0.01,-0.061,-0.109,0.075,0.39,0.366,1.278,2022-10-01
Townhouse,Greater Vancouver,1043600,359.5,-0.005,-0.048,-0.091,0.071,0.341,0.304,1.24,2022-10-01
Townhouse,Burnaby East,840300,353.8,-0.015,-0.07,-0.053,0.106,0.263,0.274,1.121,2022-10-01
Townhouse,Burnaby North,879500,357.1,-0.018,-0.067,-0.077,0.092,0.27,0.298,1.242,2022-10-01
Townhouse,Burnaby South,942300,350.2,-0.013,-0.048,-0.104,0.06,0.221,0.243,1.152,2022-10-01
Townhouse,Coquitlam,1014600,393.0,-0.017,-0.061,-0.117,0.078,0.425,0.405,1.516,2022-10-01
Townhouse,Ladner,941100,361.4,0.024,-0.034,-0.083,0.066,0.33,0.304,1.256,2022-10-01
Townhouse,Maple Ridge,732700,364.0,-0.024,-0.076,-0.17,0.033,0.41,0.414,1.653,2022-10-01
Townhouse,New Westminster,917500,390.6,0.016,-0.029,-0.036,0.131,0.414,0.398,1.324,2022-10-01
Townhouse,North Vancouver,1230600,334.2,0.008,-0.079,-0.112,0.045,0.343,0.284,1.255,2022-10-01
Townhouse,Pitt Meadows,818700,396.7,0.0,-0.042,-0.111,0.095,0.431,0.502,1.712,2022-10-01
Townhouse,Port Coquitlam,892300,357.3,-0.02,-0.025,-0.135,0.061,0.421,0.373,1.514,2022-10-01
Townhouse,Port Moody,1021600,387.9,-0.02,-0.089,-0.101,0.099,0.436,0.478,1.545,2022-10-01
Townhouse,Richmond,1059300,379.9,0.007,-0.019,-0.061,0.105,0.358,0.289,1.186,2022-10-01
Townhouse,Squamish,992000,357.6,-0.013,-0.08,-0.093,0.054,0.399,0.44,1.877,2022-10-01
Townhouse,Sunshine Coast,718500,325.9,-0.007,-0.071,-0.089,0.065,0.434,0.49,1.663,2022-10-01
Townhouse,Tsawwassen,952600,298.9,0.021,-0.037,-0.082,0.062,0.185,0.076,0.828,2022-10-01
Townhouse,Vancouver East,1028500,336.8,-0.039,-0.106,-0.109,-0.021,0.213,0.141,0.958,2022-10-01
Townhouse,Vancouver West,1477700,330.4,0.015,0.01,-0.046,0.067,0.241,0.15,1.006,2022-10-01
Townhouse,Whistler,1417200,361.3,-0.017,-0.078,-0.095,0.082,0.457,0.592,2.028,2022-10-01
Apartment,Lower Mainland,678800,336.4,-0.002,-0.039,-0.071,0.064,0.246,0.204,1.057,2022-10-01
Apartment,Greater Vancouver,727100,332.2,-0.002,-0.037,-0.063,0.051,0.204,0.173,1.027,2022-10-01
Apartment,Burnaby East,771200,323.9,0.006,-0.053,-0.086,0.052,0.198,0.195,0.91,2022-10-01
Apartment,Burnaby North,711900,359.4,0.006,-0.031,-0.044,0.08,0.306,0.305,1.234,2022-10-01
Apartment,Burnaby South,751600,357.7,0.002,-0.035,-0.07,0.068,0.205,0.21,1.129,2022-10-01
Apartment,Coquitlam,665000,377.2,0.005,-0.023,-0.08,0.078,0.262,0.299,1.454,2022-10-01
Apartment,Ladner,717100,364.8,0.012,0.018,-0.019,0.141,0.516,0.517,1.46,2022-10-01
Apartment,Maple Ridge,525500,362.9,-0.02,-0.059,-0.084,0.116,0.408,0.516,1.641,2022-10-01
Apartment,New Westminster,632200,379.0,-0.003,-0.044,-0.06,0.084,0.252,0.284,1.278,2022-10-01
Apartment,North Vancouver,780400,311.7,-0.009,-0.028,-0.059,0.079,0.234,0.198,1.132,2022-10-01
Apartment,Pitt Meadows,594600,400.9,-0.015,-0.059,-0.09,0.106,0.349,0.428,1.722,2022-10-01
Apartment,Port Coquitlam,610200,414.8,0.01,-0.026,-0.075,0.108,0.372,0.424,1.664,2022-10-01
Apartment,Port Moody,699000,372.6,-0.016,-0.038,-0.074,0.041,0.252,0.302,1.516,2022-10-01
Apartment,Richmond,699600,378.0,-0.006,-0.034,-0.045,0.071,0.256,0.259,1.166,2022-10-01
Apartment,Squamish,532900,316.1,-0.073,-0.207,-0.156,-0.091,0.121,0.357,1.487,2022-10-01
Apartment,Sunshine Coast,506100,290.0,-0.066,-0.223,-0.166,-0.121,0.041,0.198,0.931,2022-10-01
Apartment,Tsawwassen,741000,345.9,0.011,0.012,-0.016,0.134,0.368,0.331,1.301,2022-10-01
Apartment,Vancouver East,678900,388.8,-0.012,-0.057,-0.069,0.026,0.158,0.127,1.087,2022-10-01
Apartment,Vancouver West,827700,312.5,0.007,-0.019,-0.059,0.021,0.121,0.052,0.901,2022-10-01
Apartment,West Vancouver,1193200,233.0,0.0,-0.04,-0.098,0.034,0.089,0.02,0.636,2022-10-01
Apartment,Whistler,603900,260.3,-0.052,-0.204,-0.141,-0.08,0.176,0.47,1.304,2022-10-01
Composite,Lower Mainland,1059300,321.0,0.009,-0.014,-0.063,-0.127,0.257,0.118,0.825,2023-02-01
Composite,Greater Vancouver,1123400,317.3,0.011,-0.008,-0.049,-0.093,0.208,0.069,0.736,2023-02-01
Composite,Bowen Island,1325300,279.4,-0.057,-0.042,-0.143,-0.146,0.456,0.343,1.372,2023-02-01
Composite,Burnaby East,1102900,345.1,0.022,-0.004,-0.005,-0.084,0.193,0.102,0.995,2023-02-01
Composite,Burnaby North,963600,320.2,0.009,-0.019,-0.048,-0.07,0.193,0.091,0.897,2023-02-01
Composite,Burnaby South,1060000,331.6,0.007,0.004,-0.03,-0.076,0.193,0.096,0.939,2023-02-01
Composite,Coquitlam,1049700,326.7,0.007,-0.008,-0.05,-0.104,0.27,0.168,1.069,2023-02-01
Composite,Ladner,1070400,310.3,0.011,-0.001,-0.063,-0.111,0.34,0.228,0.966,2023-02-01
Composite,Maple Ridge,918300,316.9,0.009,-0.012,-0.076,-0.19,0.367,0.293,1.346,2023-02-01
Composite,New Westminster,800100,359.9,0.023,0.004,-0.02,-0.055,0.261,0.198,1.117,2023-02-01
Composite,North Vancouver,1301400,299.9,0.017,-0.019,-0.05,-0.112,0.202,0.083,0.889,2023-02-01
Composite,Pitt Meadows,825900,323.0,-0.006,-0.046,-0.094,-0.195,0.293,0.248,1.27,2023-02-01
Composite,Port Coquitlam,900900,346.9,0.007,0.007,-0.018,-0.098,0.388,0.298,1.374,2023-02-01
Composite,Port Moody,1093000,344.5,0.009,-0.005,-0.07,-0.045,0.353,0.254,1.389,2023-02-01
Composite,Richmond,1131100,369.8,0.02,0.022,-0.01,-0.04,0.273,0.109,0.873,2023-02-01
Composite,Squamish,1019300,335.1,0.027,-0.016,-0.112,-0.112,0.275,0.305,1.475,2023-02-01
Composite,Sunshine Coast,800600,294.9,-0.004,-0.012,-0.091,-0.107,0.436,0.407,1.449,2023-02-01
Composite,Tsawwassen,1112800,289.9,-0.037,-0.048,-0.11,-0.151,0.215,0.066,0.885,2023-02-01
Composite,Vancouver East,1116400,347.0,0.009,-0.013,-0.049,-0.087,0.171,0.07,0.872,2023-02-01
Composite,Vancouver West,1247300,292.7,0.015,-0.005,-0.04,-0.089,0.053,-0.101,0.413,2023-02-01
Composite,West Vancouver,2524800,272.7,-0.005,-0.03,-0.09,-0.089,0.209,-0.093,0.466,2023-02-01
Composite,Whistler,1325200,291.9,0.015,-0.025,-0.12,-0.119,0.301,0.401,1.529,2023-02-01
House,Lower Mainland,1610500,352.6,0.006,-0.025,-0.082,-0.158,0.283,0.164,0.931,2023-02-01
House,Greater Vancouver,1813100,337.6,0.007,-0.023,-0.072,-0.12,0.233,0.081,0.758,2023-02-01
House,Bowen Island,1325200,279.3,-0.057,-0.042,-0.143,-0.146,0.456,0.343,1.373,2023-02-01
House,Burnaby East,1729700,367.9,0.034,-0.02,0.0,-0.133,0.211,0.189,1.135,2023-02-01
House,Burnaby North,1841100,351.8,0.008,-0.042,-0.062,-0.09,0.223,0.144,1.011,2023-02-01
House,Burnaby South,1997200,371.0,0.004,-0.015,-0.051,-0.108,0.22,0.115,1.034,2023-02-01
House,Coquitlam,1694000,387.6,0.003,-0.02,-0.056,-0.098,0.36,0.273,1.415,2023-02-01
House,Ladner,1251400,302.2,-0.013,-0.036,-0.121,-0.186,0.301,0.207,0.893,2023-02-01
House,Maple Ridge,1169000,341.8,0.003,-0.012,-0.086,-0.203,0.366,0.35,1.519,2023-02-01
House,New Westminster,1418100,354.4,0.024,-0.018,-0.022,-0.131,0.27,0.212,1.126,2023-02-01
House,North Vancouver,2058500,321.1,0.013,-0.035,-0.068,-0.138,0.231,0.112,1.068,2023-02-01
House,Pitt Meadows,1122200,331.5,-0.011,-0.037,-0.105,-0.262,0.249,0.262,1.28,2023-02-01
House,Port Coquitlam,1282000,362.4,0.002,0.0,-0.035,-0.162,0.383,0.33,1.501,2023-02-01
House,Port Moody,1969900,373.0,-0.003,-0.005,-0.082,-0.044,0.363,0.297,1.513,2023-02-01
House,Richmond,2005700,409.4,0.02,-0.013,-0.05,-0.071,0.242,0.109,0.985,2023-02-01
House,Squamish,1478200,366.5,0.005,-0.088,-0.162,-0.14,0.273,0.322,1.852,2023-02-01
House,Sunshine Coast,868100,302.7,-0.011,-0.025,-0.093,-0.112,0.491,0.452,1.491,2023-02-01
House,Tsawwassen,1334800,295.6,-0.07,-0.089,-0.163,-0.212,0.197,0.087,0.949,2023-02-01
House,Vancouver East,1677300,375.3,0.008,-0.023,-0.065,-0.115,0.186,0.107,1.052,2023-02-01
House,Vancouver West,3103100,323.8,0.027,-0.008,-0.07,-0.107,0.063,-0.087,0.486,2023-02-01
House,West Vancouver,3051800,283.8,-0.007,-0.024,-0.087,-0.084,0.226,-0.075,0.514,2023-02-01
House,Whistler,2269200,306.4,-0.018,-0.101,-0.171,-0.158,0.284,0.353,1.516,2023-02-01
Townhouse,Lower Mainland,908800,343.9,0.012,-0.007,-0.05,-0.095,0.331,0.294,1.209,2023-02-01
Townhouse,Greater Vancouver,1038500,357.7,0.018,0.01,-0.029,-0.063,0.298,0.263,1.199,2023-02-01
Townhouse,Burnaby East,874700,368.3,0.005,0.021,-0.002,-0.006,0.304,0.249,1.247,2023-02-01
Townhouse,Burnaby North,892100,362.2,0.024,0.035,-0.041,0.013,0.278,0.259,1.246,2023-02-01
Townhouse,Burnaby South,966500,359.2,0.019,0.024,0.003,-0.038,0.254,0.205,1.186,2023-02-01
Townhouse,Coquitlam,999900,387.3,0.025,0.006,-0.055,-0.088,0.34,0.313,1.572,2023-02-01
Townhouse,Ladner,988600,379.6,0.067,0.086,0.061,-0.019,0.358,0.316,1.455,2023-02-01
Townhouse,Maple Ridge,723600,359.5,0.035,-0.009,-0.036,-0.176,0.401,0.336,1.503,2023-02-01
Townhouse,New Westminster,932200,396.8,0.044,0.044,0.01,0.01,0.419,0.371,1.373,2023-02-01
Townhouse,North Vancouver,1286200,349.3,0.041,0.041,-0.002,-0.034,0.364,0.317,1.189,2023-02-01
Townhouse,Pitt Meadows,758100,367.3,-0.012,-0.098,-0.086,-0.137,0.304,0.29,1.454,2023-02-01
Townhouse,Port Coquitlam,884700,354.3,0.006,0.018,-0.023,-0.075,0.397,0.326,1.524,2023-02-01
Townhouse,Port Moody,984000,373.6,-0.013,-0.017,-0.103,-0.066,0.354,0.356,1.494,2023-02-01
Townhouse,Richmond,1083100,388.5,0.016,0.034,0.023,0.0,0.356,0.3,1.216,2023-02-01
Townhouse,Squamish,978600,352.8,0.018,0.022,-0.052,-0.097,0.342,0.387,1.857,2023-02-01
Townhouse,Sunshine Coast,709900,322.0,0.027,0.026,-0.053,-0.093,0.367,0.436,1.65,2023-02-01
Townhouse,Tsawwassen,999700,313.7,0.067,0.08,0.063,-0.016,0.228,0.104,0.972,2023-02-01
Townhouse,Vancouver East,1052500,344.6,0.029,0.001,-0.05,-0.047,0.171,0.141,0.974,2023-02-01
Townhouse,Vancouver West,1347800,301.4,-0.023,-0.056,-0.076,-0.12,0.08,0.031,0.774,2023-02-01
Townhouse,Whistler,1406600,358.6,0.029,0.037,-0.055,-0.082,0.394,0.518,2.124,2023-02-01
Apartment,Lower Mainland,678100,336.0,0.015,0.01,-0.02,-0.044,0.185,0.131,1.049,2023-02-01
Apartment,Greater Vancouver,732200,334.5,0.016,0.016,-0.011,-0.03,0.151,0.117,1.036,2023-02-01
Apartment,Burnaby East,767500,322.3,0.01,-0.014,-0.034,-0.043,0.151,0.086,1.083,2023-02-01
Apartment,Burnaby North,702200,354.5,0.008,-0.003,-0.021,-0.03,0.231,0.19,1.145,2023-02-01
Apartment,Burnaby South,766800,365.0,0.011,0.019,-0.012,-0.024,0.182,0.137,1.204,2023-02-01
Apartment,Coquitlam,663100,376.1,0.01,0.008,-0.009,-0.053,0.191,0.201,1.412,2023-02-01
Apartment,Ladner,710300,361.3,0.028,0.023,-0.006,0.074,0.472,0.411,1.49,2023-02-01
Apartment,Maple Ridge,507500,350.5,0.007,-0.02,-0.071,-0.074,0.331,0.292,1.475,2023-02-01
Apartment,New Westminster,633700,379.9,0.018,0.008,-0.027,-0.017,0.205,0.192,1.297,2023-02-01
Apartment,North Vancouver,763700,305.0,0.02,-0.005,-0.024,-0.058,0.144,0.124,1.103,2023-02-01
Apartment,Pitt Meadows,572400,386.0,0.006,-0.019,-0.073,-0.087,0.277,0.23,1.523,2023-02-01
Apartment,Port Coquitlam,611500,415.7,0.01,0.008,-0.003,-0.014,0.333,0.278,1.706,2023-02-01
Apartment,Port Moody,705400,376.0,0.042,0.015,-0.02,-0.031,0.214,0.204,1.497,2023-02-01
Apartment,Richmond,735800,397.5,0.021,0.07,0.039,0.018,0.252,0.234,1.251,2023-02-01
Apartment,Squamish,579700,343.8,0.076,0.123,-0.067,-0.042,0.279,0.34,2.037,2023-02-01
Apartment,Sunshine Coast,539600,309.2,0.055,0.108,-0.102,-0.075,0.134,0.135,1.346,2023-02-01
Apartment,Tsawwassen,730900,341.2,0.024,0.018,-0.015,0.056,0.322,0.214,1.356,2023-02-01
Apartment,Vancouver East,683600,391.5,0.01,0.001,-0.026,-0.043,0.097,0.071,1.128,2023-02-01
Apartment,Vancouver West,824400,311.2,0.012,0.009,-0.006,-0.042,0.039,0.014,0.877,2023-02-01
Apartment,West Vancouver,1228900,240.0,0.027,-0.019,-0.005,0.014,0.159,0.022,0.723,2023-02-01
Apartment,Whistler,656300,282.9,0.074,0.125,-0.078,-0.043,0.32,0.421,1.91,2023-02-01
Composite,Lower Mainland,1078900,326.9,0.018,0.021,-0.022,-0.13,0.271,0.136,0.852,2023-03-01
Composite,Greater Vancouver,1143900,323.1,0.018,0.026,-0.01,-0.095,0.224,0.089,0.764,2023-03-01
Composite,Bowen Island,1344500,283.5,0.015,-0.065,-0.074,-0.138,0.478,0.311,1.436,2023-03-01
Composite,Burnaby East,1110000,347.3,0.006,0.026,-0.003,-0.097,0.199,0.099,0.988,2023-03-01
Composite,Burnaby North,978400,325.2,0.016,0.014,-0.019,-0.077,0.205,0.092,0.924,2023-03-01
Composite,Burnaby South,1075100,336.3,0.014,0.017,0.007,-0.085,0.192,0.116,0.915,2023-03-01
Composite,Coquitlam,1065800,331.7,0.015,0.02,-0.02,-0.118,0.272,0.175,1.068,2023-03-01
Composite,Ladner,1072100,310.8,0.002,0.012,-0.029,-0.128,0.334,0.23,0.978,2023-03-01
Composite,Maple Ridge,925900,319.5,0.008,0.012,-0.039,-0.197,0.361,0.295,1.39,2023-03-01
Composite,New Westminster,810900,364.8,0.014,0.038,0.003,-0.064,0.284,0.189,1.133,2023-03-01
Composite,North Vancouver,1340300,308.8,0.03,0.033,0.015,-0.103,0.232,0.113,0.906,2023-03-01
Composite,Pitt Meadows,846500,331.1,0.025,-0.008,-0.056,-0.198,0.309,0.253,1.325,2023-03-01
Composite,Port Coquitlam,915700,352.6,0.016,0.031,0.005,-0.119,0.384,0.293,1.4,2023-03-01
Composite,Port Moody,1105400,348.4,0.011,0.024,-0.031,-0.08,0.354,0.264,1.381,2023-03-01
Composite,Richmond,1156600,378.1,0.022,0.058,0.023,-0.038,0.303,0.121,0.917,2023-03-01
Composite,Squamish,1056800,347.4,0.037,0.067,-0.025,-0.104,0.325,0.345,1.554,2023-03-01
Composite,Sunshine Coast,802000,295.4,0.002,-0.027,-0.072,-0.123,0.449,0.364,1.495,2023-03-01
Composite,Tsawwassen,1136700,296.2,0.022,-0.006,-0.066,-0.135,0.248,0.092,0.844,2023-03-01
Composite,Vancouver East,1135500,353.0,0.017,0.021,-0.009,-0.097,0.182,0.077,0.875,2023-03-01
Composite,Vancouver West,1274300,299.0,0.022,0.033,-0.005,-0.081,0.077,-0.073,0.451,2023-03-01
Composite,West Vancouver,2491100,269.1,-0.013,-0.027,-0.078,-0.103,0.149,-0.066,0.489,2023-03-01
Composite,Whistler,1373600,302.6,0.037,0.05,-0.028,-0.108,0.349,0.435,1.595,2023-03-01
House,Lower Mainland,1649000,361.1,0.024,0.017,-0.032,-0.154,0.299,0.198,0.97,2023-03-01
House,Greater Vancouver,1861800,346.6,0.027,0.021,-0.023,-0.112,0.25,0.12,0.804,2023-03-01
House,Bowen Island,1344700,283.4,0.015,-0.065,-0.074,-0.138,0.478,0.312,1.439,2023-03-01
House,Burnaby East,1727900,367.5,-0.001,0.031,-0.032,-0.141,0.211,0.17,1.116,2023-03-01
House,Burnaby North,1878200,358.8,0.02,-0.006,-0.041,-0.102,0.243,0.134,1.053,2023-03-01
House,Burnaby South,2071100,384.7,0.037,0.016,-0.004,-0.106,0.224,0.183,1.048,2023-03-01
House,Coquitlam,1735300,397.0,0.024,0.022,-0.025,-0.106,0.371,0.302,1.433,2023-03-01
House,Ladner,1253000,302.6,0.001,-0.036,-0.076,-0.193,0.284,0.223,0.9,2023-03-01
House,Maple Ridge,1179500,344.9,0.009,0.011,-0.041,-0.205,0.372,0.359,1.564,2023-03-01
House,New Westminster,1430100,357.4,0.008,0.019,-0.035,-0.127,0.276,0.203,1.131,2023-03-01
House,North Vancouver,2141300,334.0,0.04,0.029,0.023,-0.114,0.266,0.165,1.11,2023-03-01
House,Pitt Meadows,1172100,346.3,0.045,0.005,-0.056,-0.239,0.295,0.295,1.37,2023-03-01
House,Port Coquitlam,1310300,370.4,0.022,0.026,-0.003,-0.162,0.395,0.331,1.544,2023-03-01
House,Port Moody,2017400,382.0,0.024,0.031,-0.027,-0.067,0.382,0.331,1.567,2023-03-01
House,Richmond,2108100,430.3,0.051,0.066,0.013,-0.04,0.304,0.154,1.079,2023-03-01
House,Squamish,1543300,382.7,0.044,0.026,-0.07,-0.129,0.34,0.401,2.025,2023-03-01
House,Sunshine Coast,860300,300.0,-0.009,-0.057,-0.091,-0.136,0.481,0.39,1.534,2023-03-01
House,Tsawwassen,1374700,304.5,0.03,-0.044,-0.108,-0.183,0.232,0.122,0.909,2023-03-01
House,Vancouver East,1713000,383.3,0.021,0.021,-0.016,-0.12,0.197,0.117,1.053,2023-03-01
House,Vancouver West,3218500,335.8,0.037,0.047,-0.012,-0.09,0.089,-0.034,0.554,2023-03-01
House,West Vancouver,3019500,280.8,-0.011,-0.023,-0.075,-0.09,0.165,-0.036,0.551,2023-03-01
House,Whistler,2382000,321.7,0.05,0.018,-0.079,-0.14,0.358,0.436,1.637,2023-03-01
Townhouse,Lower Mainland,926600,350.6,0.019,0.028,-0.011,-0.107,0.344,0.289,1.259,2023-03-01
Townhouse,Greater Vancouver,1056400,363.9,0.017,0.043,0.007,-0.078,0.311,0.256,1.246,2023-03-01
Townhouse,Burnaby East,869600,366.1,-0.006,0.018,0.019,-0.026,0.293,0.22,1.216,2023-03-01
Townhouse,Burnaby North,882500,358.3,-0.011,0.025,-0.015,-0.022,0.262,0.233,1.217,2023-03-01
Townhouse,Burnaby South,956200,355.3,-0.011,0.008,0.001,-0.07,0.246,0.16,1.155,2023-03-01
Townhouse,Coquitlam,1016900,393.8,0.017,0.039,-0.015,-0.111,0.347,0.301,1.581,2023-03-01
Townhouse,Ladner,998500,383.4,0.01,0.134,0.086,-0.029,0.379,0.3,1.458,2023-03-01
Townhouse,Maple Ridge,731700,363.5,0.011,0.027,-0.026,-0.193,0.383,0.296,1.623,2023-03-01
Townhouse,New Westminster,934300,397.7,0.002,0.07,0.035,-0.011,0.437,0.362,1.37,2023-03-01
Townhouse,North Vancouver,1304600,354.3,0.014,0.065,0.069,-0.073,0.361,0.313,1.267,2023-03-01
Townhouse,Pitt Meadows,765000,370.6,0.009,-0.053,-0.066,-0.17,0.301,0.235,1.501,2023-03-01
Townhouse,Port Coquitlam,898400,359.8,0.016,0.033,-0.013,-0.117,0.379,0.327,1.555,2023-03-01
Townhouse,Port Moody,1006700,382.2,0.023,0.021,-0.035,-0.103,0.368,0.333,1.51,2023-03-01
Townhouse,Richmond,1103200,395.7,0.019,0.051,0.049,-0.011,0.382,0.312,1.264,2023-03-01
Townhouse,Squamish,1007000,363.0,0.029,0.056,0.002,-0.093,0.347,0.397,1.949,2023-03-01
Townhouse,Sunshine Coast,730000,331.1,0.028,0.051,0.009,-0.089,0.375,0.448,1.705,2023-03-01
Townhouse,Tsawwassen,1000400,313.9,0.001,0.115,0.072,-0.038,0.242,0.077,0.947,2023-03-01
Townhouse,Vancouver East,1079600,353.5,0.026,0.038,0.009,-0.082,0.197,0.142,1.006,2023-03-01
Townhouse,Vancouver West,1391300,311.1,0.032,0.034,-0.044,-0.094,0.13,0.021,0.857,2023-03-01
Townhouse,Whistler,1443700,368.0,0.026,0.05,0.002,-0.088,0.386,0.526,2.194,2023-03-01
Apartment,Lower Mainland,684600,339.2,0.01,0.033,0.006,-0.059,0.196,0.117,1.055,2023-03-01
Apartment,Greater Vancouver,737400,336.9,0.007,0.033,0.012,-0.046,0.163,0.101,1.034,2023-03-01
Apartment,Burnaby East,794000,333.5,0.035,0.034,0.036,-0.05,0.169,0.094,1.161,2023-03-01
Apartment,Burnaby North,713800,360.3,0.016,0.031,0.009,-0.035,0.238,0.199,1.176,2023-03-01
Apartment,Burnaby South,774900,368.8,0.01,0.03,0.033,-0.035,0.181,0.13,1.178,2023-03-01
Apartment,Coquitlam,665600,377.5,0.004,0.019,0.006,-0.078,0.186,0.167,1.408,2023-03-01
Apartment,Ladner,714300,363.3,0.006,0.065,0.007,0.019,0.494,0.389,1.493,2023-03-01
Apartment,Maple Ridge,504100,348.1,-0.007,-0.008,-0.06,-0.116,0.304,0.282,1.446,2023-03-01
Apartment,New Westminster,648000,388.5,0.023,0.046,0.022,-0.031,0.244,0.185,1.339,2023-03-01
Apartment,North Vancouver,782800,312.6,0.025,0.035,-0.006,-0.056,0.185,0.106,1.092,2023-03-01
Apartment,Pitt Meadows,568900,383.6,-0.006,-0.006,-0.058,-0.12,0.253,0.214,1.483,2023-03-01
Apartment,Port Coquitlam,615300,418.3,0.006,0.027,0.019,-0.059,0.318,0.254,1.7,2023-03-01
Apartment,Port Moody,699800,373.0,-0.008,0.029,-0.015,-0.058,0.197,0.19,1.377,2023-03-01
Apartment,Richmond,726300,392.4,-0.013,0.054,0.032,-0.014,0.24,0.178,1.207,2023-03-01
Apartment,Squamish,608000,360.6,0.049,0.211,0.058,-0.025,0.41,0.339,1.811,2023-03-01
Apartment,Sunshine Coast,576700,330.5,0.069,0.208,0.064,-0.027,0.294,0.174,1.259,2023-03-01
Apartment,Tsawwassen,740600,345.8,0.013,0.066,0.011,0.014,0.372,0.235,1.386,2023-03-01
Apartment,Vancouver East,688400,394.3,0.007,0.017,0.002,-0.055,0.101,0.059,1.123,2023-03-01
Apartment,Vancouver West,827400,312.3,0.004,0.019,0.006,-0.058,0.055,0.002,0.886,2023-03-01
Apartment,West Vancouver,1213300,236.9,-0.013,0.01,0.017,-0.017,0.133,-0.043,0.659,2023-03-01
Apartment,Whistler,686600,295.9,0.046,0.208,0.078,-0.015,0.463,0.419,1.707,2023-03-01
Composite,Lower Mainland,1056600,320.2,-0.017,-0.042,-0.117,-0.051,0.286,0.125,0.846,2022-12-01
Composite,Greater Vancouver,1114300,314.8,-0.015,-0.036,-0.098,-0.033,0.229,0.068,0.746,2022-12-01
Composite,Bowen Island,1438200,303.2,0.04,-0.009,-0.136,-0.002,0.545,0.589,1.681,2022-12-01
Composite,Burnaby East,1082300,338.6,-0.023,-0.028,-0.082,-0.01,0.236,0.098,0.965,2022-12-01
Composite,Burnaby North,965300,320.8,-0.017,-0.033,-0.098,-0.011,0.229,0.09,0.945,2022-12-01
Composite,Burnaby South,1057400,330.7,0.002,-0.01,-0.08,-0.003,0.223,0.11,0.958,2022-12-01
Composite,Coquitlam,1044700,325.1,-0.012,-0.039,-0.095,-0.031,0.296,0.186,1.068,2022-12-01
Composite,Ladner,1060000,307.2,-0.011,-0.04,-0.109,-0.029,0.342,0.194,1.014,2022-12-01
Composite,Maple Ridge,915200,315.8,-0.016,-0.05,-0.146,-0.098,0.392,0.334,1.367,2022-12-01
Composite,New Westminster,781400,351.5,-0.019,-0.034,-0.076,0.014,0.292,0.21,1.105,2022-12-01
Composite,North Vancouver,1296700,298.8,-0.022,-0.018,-0.099,-0.026,0.23,0.104,0.938,2022-12-01
Composite,Pitt Meadows,853400,333.8,-0.014,-0.048,-0.136,-0.081,0.383,0.323,1.389,2022-12-01
Composite,Port Coquitlam,888300,342.0,-0.007,-0.026,-0.095,-0.015,0.382,0.319,1.334,2022-12-01
Composite,Port Moody,1079300,340.2,-0.017,-0.053,-0.108,0.011,0.393,0.272,1.329,2022-12-01
Composite,Richmond,1093200,357.4,-0.013,-0.033,-0.08,0.003,0.263,0.072,0.833,2022-12-01
Composite,Squamish,990400,325.6,-0.044,-0.086,-0.174,-0.054,0.239,0.285,1.358,2022-12-01
Composite,Sunshine Coast,824500,303.7,0.017,-0.046,-0.125,0.006,0.477,0.536,1.559,2022-12-01
Composite,Tsawwassen,1143900,298.0,-0.021,-0.06,-0.134,-0.044,0.26,0.111,0.967,2022-12-01
Composite,Vancouver East,1112800,345.9,-0.016,-0.029,-0.091,-0.035,0.201,0.08,0.855,2022-12-01
Composite,Vancouver West,1233700,289.5,-0.016,-0.036,-0.083,-0.06,0.08,-0.117,0.423,2022-12-01
Composite,West Vancouver,2559400,276.5,-0.016,-0.053,-0.119,-0.07,0.186,-0.072,0.521,2022-12-01
Composite,Whistler,1308400,288.2,-0.037,-0.075,-0.169,-0.048,0.281,0.387,1.424,2022-12-01
House,Lower Mainland,1621200,355.0,-0.019,-0.049,-0.135,-0.074,0.319,0.173,0.97,2022-12-01
House,Greater Vancouver,1823300,339.5,-0.018,-0.043,-0.114,-0.051,0.262,0.083,0.791,2022-12-01
House,Bowen Island,1437700,303.0,0.039,-0.01,-0.137,-0.003,0.544,0.59,1.681,2022-12-01
House,Burnaby East,1675400,356.3,-0.051,-0.061,-0.113,-0.065,0.257,0.151,1.125,2022-12-01
House,Burnaby North,1889600,361.0,-0.017,-0.035,-0.112,-0.005,0.286,0.14,1.088,2022-12-01
House,Burnaby South,2038900,378.7,0.005,-0.019,-0.102,-0.014,0.265,0.128,1.132,2022-12-01
House,Coquitlam,1698400,388.6,-0.017,-0.045,-0.094,-0.026,0.397,0.293,1.433,2022-12-01
House,Ladner,1299400,313.8,0.001,-0.042,-0.123,-0.065,0.379,0.219,1.039,2022-12-01
House,Maple Ridge,1166600,341.1,-0.014,-0.051,-0.154,-0.118,0.406,0.393,1.523,2022-12-01
House,New Westminster,1402600,350.6,-0.029,-0.053,-0.09,-0.043,0.345,0.205,1.135,2022-12-01
House,North Vancouver,2081400,324.7,-0.024,-0.005,-0.105,-0.03,0.26,0.159,1.156,2022-12-01
House,Pitt Meadows,1166600,344.6,0.001,-0.06,-0.161,-0.147,0.361,0.338,1.439,2022-12-01
House,Port Coquitlam,1277000,360.9,-0.004,-0.029,-0.106,-0.058,0.391,0.339,1.47,2022-12-01
House,Port Moody,1955900,370.4,-0.012,-0.057,-0.111,0.013,0.416,0.325,1.424,2022-12-01
House,Richmond,1978200,403.8,-0.027,-0.05,-0.084,-0.029,0.26,0.093,0.96,2022-12-01
House,Squamish,1504400,373.0,-0.071,-0.094,-0.171,-0.054,0.305,0.379,1.88,2022-12-01
House,Sunshine Coast,912000,318.0,0.024,-0.036,-0.111,0.019,0.556,0.636,1.686,2022-12-01
House,Tsawwassen,1438100,318.5,-0.018,-0.067,-0.148,-0.074,0.315,0.181,1.126,2022-12-01
House,Vancouver East,1677600,375.4,-0.023,-0.036,-0.119,-0.052,0.213,0.113,1.039,2022-12-01
House,Vancouver West,3073500,320.7,-0.017,-0.057,-0.122,-0.082,0.088,-0.118,0.499,2022-12-01
House,West Vancouver,3090800,287.5,-0.012,-0.053,-0.115,-0.067,0.189,-0.049,0.568,2022-12-01
House,Whistler,2340100,316.0,-0.073,-0.096,-0.166,-0.048,0.304,0.391,1.53,2022-12-01
Townhouse,Lower Mainland,901200,341.0,-0.015,-0.038,-0.105,-0.007,0.34,0.315,1.219,2022-12-01
Townhouse,Greater Vancouver,1012700,348.8,-0.015,-0.035,-0.092,-0.002,0.283,0.258,1.177,2022-12-01
Townhouse,Burnaby East,854000,359.6,-0.003,0.001,-0.038,0.065,0.311,0.28,1.224,2022-12-01
Townhouse,Burnaby North,860800,349.5,-0.001,-0.039,-0.123,0.052,0.242,0.255,1.236,2022-12-01
Townhouse,Burnaby South,948300,352.4,0.004,-0.007,-0.089,0.044,0.252,0.248,1.182,2022-12-01
Townhouse,Coquitlam,978400,378.9,-0.016,-0.052,-0.1,-0.004,0.335,0.336,1.454,2022-12-01
Townhouse,Ladner,880200,338.0,-0.033,-0.042,-0.112,-0.032,0.238,0.187,1.201,2022-12-01
Townhouse,Maple Ridge,712800,354.1,-0.024,-0.051,-0.145,-0.056,0.357,0.379,1.522,2022-12-01
Townhouse,New Westminster,872800,371.6,-0.023,-0.033,-0.083,0.042,0.356,0.297,1.28,2022-12-01
Townhouse,North Vancouver,1225000,332.7,-0.008,0.004,-0.091,0.004,0.351,0.278,1.211,2022-12-01
Townhouse,Pitt Meadows,807600,391.3,-0.039,-0.013,-0.084,-0.012,0.443,0.419,1.609,2022-12-01
Townhouse,Port Coquitlam,870000,348.4,0.001,-0.044,-0.113,-0.012,0.377,0.364,1.499,2022-12-01
Townhouse,Port Moody,986200,374.4,-0.014,-0.055,-0.117,0.027,0.377,0.405,1.491,2022-12-01
Townhouse,Richmond,1049800,376.5,0.002,-0.002,-0.053,0.054,0.34,0.267,1.215,2022-12-01
Townhouse,Squamish,954100,343.9,-0.003,-0.051,-0.107,-0.008,0.304,0.367,1.745,2022-12-01
Townhouse,Sunshine Coast,694500,315.0,0.004,-0.04,-0.098,0.005,0.342,0.413,1.563,2022-12-01
Townhouse,Tsawwassen,896900,281.4,-0.031,-0.039,-0.106,-0.025,0.126,-0.007,0.777,2022-12-01
Townhouse,Vancouver East,1040300,340.6,-0.011,-0.028,-0.08,-0.037,0.184,0.159,0.941,2022-12-01
Townhouse,Vancouver West,1345700,300.9,-0.058,-0.076,-0.094,-0.077,0.089,0.049,0.791,2022-12-01
Townhouse,Whistler,1374900,350.5,0.014,-0.046,-0.102,0.018,0.365,0.502,2.016,2022-12-01
Apartment,Lower Mainland,663000,328.5,-0.013,-0.026,-0.078,0.014,0.202,0.151,1.035,2022-12-01
Apartment,Greater Vancouver,713700,326.0,-0.009,-0.02,-0.069,0.017,0.166,0.13,1.012,2022-12-01
Apartment,Burnaby East,768100,322.6,-0.013,0.002,-0.059,0.033,0.197,0.131,1.0,2022-12-01
Apartment,Burnaby North,692500,349.6,-0.017,-0.021,-0.065,0.027,0.252,0.225,1.184,2022-12-01
Apartment,Burnaby South,752100,358.0,0.0,0.003,-0.045,0.029,0.202,0.17,1.148,2022-12-01
Apartment,Coquitlam,653300,370.6,-0.007,-0.013,-0.067,0.026,0.218,0.23,1.446,2022-12-01
Apartment,Ladner,670400,341.0,-0.035,-0.054,-0.089,0.092,0.346,0.398,1.35,2022-12-01
Apartment,Maple Ridge,508300,351.0,-0.019,-0.052,-0.099,0.033,0.356,0.384,1.602,2022-12-01
Apartment,New Westminster,619400,371.3,-0.015,-0.023,-0.067,0.046,0.223,0.233,1.293,2022-12-01
Apartment,North Vancouver,756000,301.9,-0.015,-0.04,-0.078,0.016,0.19,0.145,1.095,2022-12-01
Apartment,Pitt Meadows,572500,386.0,-0.019,-0.052,-0.103,0.02,0.294,0.312,1.646,2022-12-01
Apartment,Port Coquitlam,599200,407.3,-0.012,-0.008,-0.076,0.052,0.33,0.335,1.662,2022-12-01
Apartment,Port Moody,680200,362.6,-0.022,-0.042,-0.09,-0.012,0.232,0.231,1.434,2022-12-01
Apartment,Richmond,689400,372.4,0.002,-0.021,-0.076,0.062,0.215,0.198,1.149,2022-12-01
Apartment,Squamish,501900,297.7,-0.028,-0.127,-0.272,-0.105,0.129,0.18,1.361,2022-12-01
Apartment,Sunshine Coast,477300,273.5,-0.02,-0.119,-0.274,-0.123,0.032,0.014,0.866,2022-12-01
Apartment,Tsawwassen,695100,324.5,-0.032,-0.052,-0.09,0.072,0.235,0.234,1.232,2022-12-01
Apartment,Vancouver East,676700,387.6,-0.009,-0.015,-0.055,0.004,0.136,0.108,1.102,2022-12-01
Apartment,Vancouver West,811600,306.4,-0.006,-0.013,-0.051,-0.005,0.071,0.03,0.876,2022-12-01
Apartment,West Vancouver,1201600,234.6,-0.041,0.007,-0.043,0.026,0.131,0.06,0.767,2022-12-01
Apartment,Whistler,568400,245.0,-0.025,-0.107,-0.272,-0.105,0.167,0.247,1.258,2022-12-01
Composite,Lower Mainland,1074700,325.7,-0.017,-0.049,-0.124,-0.015,0.312,0.145,0.866,2022-11-01
Composite,Greater Vancouver,1131600,319.7,-0.015,-0.041,-0.102,-0.006,0.253,0.083,0.762,2022-11-01
Composite,Bowen Island,1382800,291.5,-0.021,-0.106,-0.174,-0.017,0.504,0.512,1.423,2022-11-01
Composite,Burnaby East,1107700,346.6,-0.016,-0.001,-0.089,0.036,0.245,0.122,0.99,2022-11-01
Composite,Burnaby North,982500,326.5,-0.012,-0.029,-0.09,0.02,0.246,0.114,0.976,2022-11-01
Composite,Burnaby South,1055700,330.2,-0.008,-0.034,-0.107,0.015,0.221,0.107,0.904,2022-11-01
Composite,Coquitlam,1057700,329.2,-0.015,-0.042,-0.119,0.005,0.322,0.204,1.067,2022-11-01
Composite,Ladner,1071700,310.6,-0.035,-0.062,-0.132,0.006,0.379,0.21,1.062,2022-11-01
Composite,Maple Ridge,930100,320.9,-0.012,-0.064,-0.166,-0.05,0.427,0.363,1.427,2022-11-01
Composite,New Westminster,796700,358.4,-0.016,-0.024,-0.076,0.048,0.312,0.246,1.132,2022-11-01
Composite,North Vancouver,1326100,305.6,-0.003,-0.032,-0.101,-0.008,0.254,0.124,0.94,2022-11-01
Composite,Pitt Meadows,865300,338.4,-0.009,-0.051,-0.158,-0.033,0.418,0.357,1.395,2022-11-01
Composite,Port Coquitlam,894300,344.4,-0.018,-0.025,-0.127,0.018,0.396,0.331,1.332,2022-11-01
Composite,Port Moody,1098100,346.1,-0.017,-0.066,-0.104,0.05,0.41,0.285,1.34,2022-11-01
Composite,Richmond,1107300,362.0,-0.012,-0.031,-0.074,0.025,0.281,0.092,0.838,2022-11-01
Composite,Squamish,1035800,340.5,-0.038,-0.098,-0.13,-0.026,0.323,0.369,1.532,2022-11-01
Composite,Sunshine Coast,810500,298.5,-0.031,-0.08,-0.151,0.013,0.459,0.505,1.471,2022-11-01
Composite,Tsawwassen,1168300,304.4,-0.041,-0.066,-0.137,0.002,0.303,0.134,0.99,2022-11-01
Composite,Vancouver East,1131500,351.7,0.004,-0.036,-0.094,-0.007,0.241,0.097,0.866,2022-11-01
Composite,Vancouver West,1254000,294.2,-0.018,-0.035,-0.088,-0.041,0.098,-0.106,0.438,2022-11-01
Composite,West Vancouver,2602300,281.1,-0.047,-0.062,-0.102,-0.036,0.196,-0.086,0.585,2022-11-01
Composite,Whistler,1359400,299.4,-0.043,-0.097,-0.124,-0.025,0.372,0.479,1.537,2022-11-01
House,Lower Mainland,1651700,361.7,-0.02,-0.058,-0.139,-0.034,0.347,0.191,0.991,2022-11-01
House,Greater Vancouver,1856800,345.7,-0.019,-0.05,-0.113,-0.017,0.287,0.095,0.805,2022-11-01
House,Bowen Island,1383500,291.6,-0.02,-0.106,-0.173,-0.016,0.505,0.514,1.428,2022-11-01
House,Burnaby East,1765000,375.4,-0.034,0.02,-0.101,0.022,0.303,0.214,1.24,2022-11-01
House,Burnaby North,1922100,367.2,-0.013,-0.021,-0.092,0.032,0.301,0.153,1.121,2022-11-01
House,Burnaby South,2028700,376.8,-0.019,-0.036,-0.125,0.0,0.271,0.119,1.024,2022-11-01
House,Coquitlam,1728400,395.4,-0.013,-0.037,-0.114,0.02,0.421,0.311,1.445,2022-11-01
House,Ladner,1298700,313.6,-0.042,-0.088,-0.16,-0.036,0.402,0.215,1.075,2022-11-01
House,Maple Ridge,1182900,345.9,-0.014,-0.075,-0.178,-0.073,0.439,0.427,1.572,2022-11-01
House,New Westminster,1444500,361.0,-0.036,-0.004,-0.101,0.01,0.363,0.236,1.185,2022-11-01
House,North Vancouver,2132800,332.7,0.004,-0.035,-0.1,-0.006,0.294,0.177,1.14,2022-11-01
House,Pitt Meadows,1164800,344.1,-0.021,-0.071,-0.199,-0.128,0.384,0.339,1.388,2022-11-01
House,Port Coquitlam,1282600,362.5,-0.023,-0.034,-0.155,-0.026,0.404,0.343,1.478,2022-11-01
House,Port Moody,1980300,375.0,-0.024,-0.077,-0.112,0.048,0.438,0.305,1.441,2022-11-01
House,Richmond,2032100,414.8,-0.01,-0.038,-0.067,0.019,0.29,0.123,0.977,2022-11-01
House,Squamish,1619900,401.7,-0.039,-0.081,-0.106,0.007,0.442,0.507,2.198,2022-11-01
House,Sunshine Coast,890400,310.5,-0.029,-0.07,-0.148,0.028,0.522,0.575,1.566,2022-11-01
House,Tsawwassen,1464800,324.4,-0.046,-0.082,-0.155,-0.025,0.345,0.199,1.144,2022-11-01
House,Vancouver East,1716500,384.1,-0.002,-0.044,-0.118,-0.018,0.256,0.133,1.06,2022-11-01
House,Vancouver West,3127400,326.3,-0.019,-0.062,-0.104,-0.067,0.099,-0.106,0.502,2022-11-01
House,West Vancouver,3127800,290.9,-0.057,-0.064,-0.1,-0.035,0.192,-0.067,0.632,2022-11-01
House,Whistler,2524900,341.0,-0.043,-0.078,-0.101,0.02,0.458,0.525,1.837,2022-11-01
Townhouse,Lower Mainland,914900,346.2,-0.014,-0.044,-0.113,0.031,0.369,0.339,1.25,2022-11-01
Townhouse,Greater Vancouver,1027900,354.1,-0.015,-0.039,-0.099,0.027,0.316,0.28,1.212,2022-11-01
Townhouse,Burnaby East,856900,360.8,0.02,-0.022,-0.046,0.105,0.303,0.272,1.188,2022-11-01
Townhouse,Burnaby North,861900,349.9,-0.02,-0.074,-0.123,0.063,0.244,0.28,1.212,2022-11-01
Townhouse,Burnaby South,944400,350.9,0.002,-0.021,-0.114,0.043,0.239,0.243,1.186,2022-11-01
Townhouse,Coquitlam,994300,385.1,-0.02,-0.061,-0.113,0.037,0.39,0.367,1.48,2022-11-01
Townhouse,Ladner,909800,349.4,-0.033,-0.024,-0.096,0.034,0.271,0.241,1.275,2022-11-01
Townhouse,Maple Ridge,730300,362.8,-0.003,-0.027,-0.15,0.016,0.401,0.401,1.627,2022-11-01
Townhouse,New Westminster,893200,380.2,-0.027,-0.032,-0.07,0.097,0.382,0.336,1.344,2022-11-01
Townhouse,North Vancouver,1235200,335.5,0.004,-0.041,-0.117,-0.004,0.358,0.294,1.232,2022-11-01
Townhouse,Pitt Meadows,840000,407.0,0.026,0.013,-0.09,0.111,0.462,0.512,1.706,2022-11-01
Townhouse,Port Coquitlam,869000,348.0,-0.026,-0.04,-0.147,0.024,0.377,0.348,1.434,2022-11-01
Townhouse,Port Moody,1000700,379.9,-0.021,-0.087,-0.121,0.053,0.396,0.438,1.483,2022-11-01
Townhouse,Richmond,1047200,375.6,-0.011,-0.011,-0.071,0.07,0.348,0.272,1.191,2022-11-01
Townhouse,Squamish,957200,345.1,-0.035,-0.073,-0.114,-0.03,0.358,0.401,1.754,2022-11-01
Townhouse,Sunshine Coast,692200,313.9,-0.037,-0.076,-0.106,-0.031,0.395,0.437,1.533,2022-11-01
Townhouse,Tsawwassen,925500,290.4,-0.028,-0.016,-0.1,0.041,0.145,0.039,0.837,2022-11-01
Townhouse,Vancouver East,1051700,344.4,0.023,-0.051,-0.082,-0.014,0.222,0.162,0.987,2022-11-01
Townhouse,Vancouver West,1428200,319.4,-0.033,-0.021,-0.067,-0.015,0.173,0.099,0.93,2022-11-01
Townhouse,Whistler,1356700,345.8,-0.043,-0.088,-0.121,-0.019,0.407,0.512,1.958,2022-11-01
Apartment,Lower Mainland,671300,332.7,-0.011,-0.03,-0.082,0.039,0.22,0.182,1.056,2022-11-01
Apartment,Greater Vancouver,720500,329.1,-0.009,-0.027,-0.076,0.035,0.18,0.154,1.029,2022-11-01
Apartment,Burnaby East,778300,326.9,0.009,-0.021,-0.072,0.058,0.22,0.175,0.955,2022-11-01
Apartment,Burnaby North,704600,355.7,-0.01,-0.018,-0.061,0.06,0.271,0.275,1.223,2022-11-01
Apartment,Burnaby South,752300,358.1,0.001,-0.031,-0.07,0.054,0.203,0.181,1.114,2022-11-01
Apartment,Coquitlam,658200,373.3,-0.01,-0.017,-0.083,0.053,0.246,0.264,1.416,2022-11-01
Apartment,Ladner,694400,353.2,-0.032,-0.028,-0.07,0.109,0.487,0.46,1.396,2022-11-01
Apartment,Maple Ridge,518100,357.8,-0.014,-0.052,-0.098,0.075,0.406,0.451,1.674,2022-11-01
Apartment,New Westminster,628600,376.9,-0.006,-0.034,-0.062,0.068,0.243,0.274,1.291,2022-11-01
Apartment,North Vancouver,767600,306.5,-0.017,-0.02,-0.088,0.034,0.193,0.169,1.133,2022-11-01
Apartment,Pitt Meadows,583200,393.3,-0.019,-0.055,-0.102,0.056,0.346,0.37,1.724,2022-11-01
Apartment,Port Coquitlam,606600,412.4,-0.006,-0.011,-0.072,0.085,0.347,0.379,1.669,2022-11-01
Apartment,Port Moody,695200,370.6,-0.005,-0.034,-0.082,0.033,0.238,0.281,1.433,2022-11-01
Apartment,Richmond,687900,371.6,-0.017,-0.028,-0.069,0.043,0.209,0.22,1.167,2022-11-01
Apartment,Squamish,516300,306.2,-0.031,-0.169,-0.202,-0.083,0.14,0.258,1.432,2022-11-01
Apartment,Sunshine Coast,487100,279.1,-0.038,-0.189,-0.221,-0.116,0.036,0.089,0.89,2022-11-01
Apartment,Tsawwassen,718200,335.3,-0.031,-0.032,-0.077,0.09,0.339,0.281,1.273,2022-11-01
Apartment,Vancouver East,682700,391.0,0.006,-0.028,-0.059,0.021,0.166,0.129,1.099,2022-11-01
Apartment,Vancouver West,816900,308.4,-0.013,-0.015,-0.077,0.01,0.083,0.044,0.897,2022-11-01
Apartment,West Vancouver,1252500,244.6,0.05,0.015,-0.011,0.092,0.174,0.107,0.854,2022-11-01
Apartment,Whistler,583200,251.4,-0.034,-0.18,-0.211,-0.084,0.185,0.325,1.292,2022-11-01
Composite,Lower Mainland,1105800,335.1,0.025,0.053,0.012,-0.107,0.303,0.168,0.887,2023-04-01
Composite,Greater Vancouver,1170700,330.7,0.024,0.053,0.019,-0.074,0.255,0.121,0.793,2023-04-01
Composite,Bowen Island,1456700,307.1,0.083,0.036,0.032,-0.13,0.579,0.464,1.521,2023-04-01
Composite,Burnaby East,1114900,348.8,0.004,0.033,-0.01,-0.086,0.203,0.107,0.992,2023-04-01
Composite,Burnaby North,1002900,333.3,0.025,0.051,0.008,-0.068,0.212,0.124,0.949,2023-04-01
Composite,Burnaby South,1100200,344.1,0.023,0.045,0.034,-0.073,0.215,0.138,0.962,2023-04-01
Composite,Coquitlam,1077900,335.5,0.011,0.034,0.004,-0.112,0.282,0.18,1.083,2023-04-01
Composite,Ladner,1112200,322.4,0.037,0.051,0.002,-0.098,0.368,0.269,1.095,2023-04-01
Composite,Maple Ridge,955700,329.8,0.032,0.05,0.015,-0.16,0.395,0.317,1.45,2023-04-01
Composite,New Westminster,814100,366.2,0.004,0.041,0.005,-0.06,0.272,0.186,1.116,2023-04-01
Composite,North Vancouver,1369900,315.6,0.022,0.071,0.029,-0.075,0.262,0.141,0.91,2023-04-01
Composite,Pitt Meadows,881200,344.6,0.041,0.061,0.009,-0.147,0.345,0.295,1.418,2023-04-01
Composite,Port Coquitlam,927100,357.0,0.012,0.036,0.018,-0.105,0.399,0.3,1.42,2023-04-01
Composite,Port Moody,1100400,346.8,-0.005,0.016,-0.015,-0.1,0.341,0.243,1.354,2023-04-01
Composite,Richmond,1179200,385.5,0.02,0.063,0.052,-0.017,0.327,0.156,0.952,2023-04-01
Composite,Squamish,1077700,354.3,0.02,0.085,0.001,-0.083,0.376,0.362,1.626,2023-04-01
Composite,Sunshine Coast,839000,309.0,0.046,0.044,0.004,-0.106,0.509,0.436,1.545,2023-04-01
Composite,Tsawwassen,1185900,309.0,0.043,0.027,-0.027,-0.118,0.288,0.128,0.966,2023-04-01
Composite,Vancouver East,1165700,362.4,0.027,0.054,0.034,-0.069,0.215,0.113,0.923,2023-04-01
Composite,Vancouver West,1312400,307.9,0.03,0.067,0.028,-0.051,0.127,-0.025,0.48,2023-04-01
Composite,West Vancouver,2559300,276.4,0.027,0.008,-0.063,-0.099,0.175,-0.045,0.498,2023-04-01
Composite,Whistler,1393000,306.8,0.014,0.066,-0.019,-0.09,0.385,0.451,1.629,2023-04-01
House,Lower Mainland,1702200,372.7,0.032,0.063,0.01,-0.124,0.334,0.238,1.015,2023-04-01
House,Greater Vancouver,1915800,356.7,0.029,0.064,0.012,-0.088,0.281,0.159,0.835,2023-04-01
House,Bowen Island,1456300,306.9,0.083,0.036,0.031,-0.129,0.579,0.464,1.522,2023-04-01
House,Burnaby East,1749700,372.1,0.013,0.046,-0.042,-0.115,0.209,0.183,1.13,2023-04-01
House,Burnaby North,1933700,369.4,0.03,0.058,-0.007,-0.091,0.237,0.17,1.071,2023-04-01
House,Burnaby South,2145800,398.6,0.036,0.079,0.038,-0.082,0.258,0.186,1.101,2023-04-01
House,Coquitlam,1747900,399.9,0.007,0.034,-0.001,-0.109,0.374,0.305,1.435,2023-04-01
House,Ladner,1341900,324.1,0.071,0.059,-0.009,-0.133,0.37,0.303,1.091,2023-04-01
House,Maple Ridge,1219600,356.6,0.034,0.046,0.017,-0.17,0.416,0.384,1.63,2023-04-01
House,New Westminster,1433100,358.2,0.002,0.035,-0.043,-0.115,0.256,0.213,1.105,2023-04-01
House,North Vancouver,2192900,342.1,0.024,0.079,0.032,-0.083,0.298,0.195,1.11,2023-04-01
House,Pitt Meadows,1220900,360.7,0.042,0.076,0.026,-0.171,0.353,0.34,1.467,2023-04-01
House,Port Coquitlam,1339000,378.5,0.022,0.047,0.02,-0.13,0.424,0.348,1.589,2023-04-01
House,Port Moody,1981400,375.2,-0.018,0.003,-0.024,-0.107,0.365,0.304,1.488,2023-04-01
House,Richmond,2137600,436.3,0.014,0.087,0.041,-0.027,0.317,0.183,1.085,2023-04-01
House,Squamish,1635700,405.6,0.06,0.112,-0.03,-0.075,0.417,0.485,2.245,2023-04-01
House,Sunshine Coast,917400,319.9,0.066,0.045,0.001,-0.107,0.561,0.496,1.629,2023-04-01
House,Tsawwassen,1473200,326.3,0.072,0.027,-0.041,-0.148,0.309,0.191,1.1,2023-04-01
House,Vancouver East,1757200,393.2,0.026,0.056,0.022,-0.095,0.226,0.158,1.104,2023-04-01
House,Vancouver West,3313200,345.7,0.029,0.097,0.039,-0.062,0.111,0.009,0.576,2023-04-01
House,West Vancouver,3111600,289.4,0.031,0.012,-0.062,-0.082,0.187,-0.014,0.564,2023-04-01
House,Whistler,2519200,340.2,0.058,0.091,-0.045,-0.084,0.421,0.535,1.741,2023-04-01
Townhouse,Lower Mainland,944400,357.3,0.019,0.052,0.018,-0.093,0.376,0.304,1.314,2023-04-01
Townhouse,Greater Vancouver,1078400,371.5,0.021,0.057,0.033,-0.06,0.35,0.272,1.306,2023-04-01
Townhouse,Burnaby East,876000,368.8,0.007,0.007,0.042,-0.013,0.279,0.231,1.202,2023-04-01
Townhouse,Burnaby North,903700,366.9,0.024,0.037,0.027,-0.051,0.297,0.262,1.261,2023-04-01
Townhouse,Burnaby South,997800,370.8,0.044,0.052,0.059,-0.051,0.281,0.211,1.249,2023-04-01
Townhouse,Coquitlam,1037600,401.9,0.021,0.064,0.023,-0.097,0.378,0.304,1.662,2023-04-01
Townhouse,Ladner,991700,380.8,-0.007,0.07,0.054,-0.033,0.33,0.287,1.433,2023-04-01
Townhouse,Maple Ridge,747000,371.1,0.021,0.069,0.02,-0.154,0.386,0.301,1.649,2023-04-01
Townhouse,New Westminster,928800,395.4,-0.006,0.041,0.012,-0.024,0.405,0.334,1.345,2023-04-01
Townhouse,North Vancouver,1314400,357.0,0.008,0.064,0.068,-0.052,0.369,0.316,1.306,2023-04-01
Townhouse,Pitt Meadows,800700,387.9,0.047,0.044,-0.022,-0.131,0.341,0.291,1.591,2023-04-01
Townhouse,Port Coquitlam,901600,361.1,0.004,0.026,0.011,-0.126,0.368,0.314,1.565,2023-04-01
Townhouse,Port Moody,1022300,388.1,0.015,0.025,0.001,-0.101,0.38,0.335,1.586,2023-04-01
Townhouse,Richmond,1116400,400.4,0.012,0.048,0.054,-0.01,0.392,0.316,1.297,2023-04-01
Townhouse,Squamish,1006100,362.7,-0.001,0.046,0.014,-0.08,0.461,0.365,1.939,2023-04-01
Townhouse,Sunshine Coast,734500,333.1,0.006,0.063,0.022,-0.069,0.491,0.436,1.702,2023-04-01
Townhouse,Tsawwassen,990100,310.7,-0.01,0.057,0.039,-0.046,0.195,0.064,0.912,2023-04-01
Townhouse,Vancouver East,1110700,363.7,0.029,0.086,0.08,-0.037,0.252,0.132,1.091,2023-04-01
Townhouse,Vancouver West,1481900,331.4,0.065,0.074,0.003,-0.043,0.228,0.102,1.005,2023-04-01
Townhouse,Whistler,1449500,369.5,0.004,0.06,0.023,-0.074,0.522,0.504,2.183,2023-04-01
Apartment,Lower Mainland,697800,345.8,0.019,0.045,0.028,-0.045,0.225,0.14,1.101,2023-04-01
Apartment,Greater Vancouver,752300,343.7,0.02,0.044,0.035,-0.031,0.193,0.124,1.082,2023-04-01
Apartment,Burnaby East,797600,335.0,0.004,0.049,0.034,-0.054,0.183,0.099,1.149,2023-04-01
Apartment,Burnaby North,734600,370.8,0.029,0.055,0.032,-0.014,0.262,0.229,1.251,2023-04-01
Apartment,Burnaby South,790800,376.4,0.021,0.042,0.052,-0.021,0.209,0.161,1.229,2023-04-01
Apartment,Coquitlam,675300,383.0,0.015,0.029,0.015,-0.066,0.19,0.164,1.446,2023-04-01
Apartment,Ladner,698900,355.5,-0.021,0.011,-0.025,-0.044,0.447,0.355,1.409,2023-04-01
Apartment,Maple Ridge,525800,363.1,0.043,0.044,0.001,-0.083,0.329,0.289,1.552,2023-04-01
Apartment,New Westminster,652100,390.9,0.006,0.047,0.031,-0.031,0.241,0.173,1.323,2023-04-01
Apartment,North Vancouver,802600,320.5,0.025,0.072,0.028,-0.033,0.216,0.129,1.127,2023-04-01
Apartment,Pitt Meadows,596000,401.9,0.048,0.048,0.002,-0.087,0.294,0.227,1.606,2023-04-01
Apartment,Port Coquitlam,625300,425.1,0.016,0.033,0.025,-0.052,0.341,0.271,1.718,2023-04-01
Apartment,Port Moody,706800,376.8,0.01,0.044,0.011,-0.064,0.195,0.165,1.392,2023-04-01
Apartment,Richmond,751200,405.8,0.034,0.042,0.074,0.026,0.274,0.215,1.338,2023-04-01
Apartment,Squamish,574900,341.0,-0.054,0.067,0.079,-0.09,0.269,0.254,1.724,2023-04-01
Apartment,Sunshine Coast,528300,302.8,-0.084,0.033,0.044,-0.13,0.15,0.064,1.075,2023-04-01
Apartment,Tsawwassen,724900,338.4,-0.021,0.016,-0.022,-0.038,0.31,0.186,1.324,2023-04-01
Apartment,Vancouver East,701100,401.5,0.018,0.036,0.033,-0.038,0.116,0.077,1.156,2023-04-01
Apartment,Vancouver West,848000,320.1,0.025,0.041,0.024,-0.036,0.116,0.042,0.938,2023-04-01
Apartment,West Vancouver,1239800,242.1,0.022,0.036,0.039,-0.063,0.204,-0.029,0.678,2023-04-01
Apartment,Whistler,646600,278.7,-0.058,0.058,0.071,-0.08,0.305,0.341,1.614,2023-04-01
Composite,Lower Mainland,1127100,342.5,0.016,0.057,0.051,-0.078,0.334,0.203,0.922,2023-05-01
Composite,Greater Vancouver,1188000,336.4,0.013,0.049,0.052,-0.056,0.277,0.152,0.817,2023-05-01
Composite,Bowen Island,1358400,285.1,-0.05,0.015,-0.019,-0.189,0.419,0.346,1.32,2023-05-01
Composite,Burnaby East,1159600,360.8,0.029,0.043,0.04,-0.055,0.247,0.135,1.03,2023-05-01
Composite,Burnaby North,1018000,339.0,0.015,0.051,0.04,-0.053,0.243,0.15,0.998,2023-05-01
Composite,Burnaby South,1112300,351.0,0.009,0.048,0.055,-0.053,0.218,0.165,0.995,2023-05-01
Composite,Coquitlam,1114900,348.6,0.012,0.042,0.039,-0.081,0.322,0.214,1.168,2023-05-01
Composite,Ladner,1144800,332.5,0.026,0.084,0.072,-0.069,0.434,0.299,1.177,2023-05-01
Composite,Maple Ridge,982500,340.1,0.026,0.072,0.06,-0.115,0.431,0.364,1.521,2023-05-01
Composite,New Westminster,827600,375.2,0.019,0.037,0.047,-0.031,0.312,0.203,1.15,2023-05-01
Composite,North Vancouver,1397500,321.1,0.018,0.048,0.055,-0.053,0.289,0.175,0.937,2023-05-01
Composite,Pitt Meadows,906300,362.1,0.039,0.09,0.054,-0.107,0.406,0.325,1.572,2023-05-01
Composite,Port Coquitlam,951800,366.1,0.022,0.051,0.066,-0.069,0.455,0.325,1.462,2023-05-01
Composite,Port Moody,1112300,351.3,0.004,0.013,0.017,-0.092,0.338,0.25,1.378,2023-05-01
Composite,Richmond,1192000,391.5,0.016,0.046,0.081,0.001,0.354,0.182,0.971,2023-05-01
Composite,Squamish,1089900,355.9,0.01,0.058,0.05,-0.085,0.398,0.383,1.594,2023-05-01
Composite,Sunshine Coast,809000,296.7,-0.028,-0.006,-0.011,-0.16,0.428,0.391,1.412,2023-05-01
Composite,Tsawwassen,1221900,317.5,0.003,0.116,0.056,-0.089,0.349,0.206,1.05,2023-05-01
Composite,Vancouver East,1193800,371.3,0.02,0.068,0.06,-0.04,0.255,0.151,0.949,2023-05-01
Composite,Vancouver West,1319900,310.3,0.005,0.039,0.055,-0.036,0.132,-0.002,0.486,2023-05-01
Composite,West Vancouver,2564800,276.5,0.011,0.037,-0.011,-0.112,0.187,-0.005,0.504,2023-05-01
Composite,Whistler,1389700,312.2,0.0,0.055,0.041,-0.093,0.449,0.505,1.698,2023-05-01
House,Lower Mainland,1745700,382.2,0.021,0.073,0.058,-0.09,0.368,0.28,1.064,2023-05-01
House,Greater Vancouver,1953600,363.3,0.018,0.062,0.052,-0.067,0.304,0.195,0.87,2023-05-01
House,Bowen Island,1361300,285.2,-0.049,0.014,-0.019,-0.189,0.42,0.345,1.321,2023-05-01
House,Burnaby East,1824200,390.1,0.047,0.053,0.048,-0.061,0.3,0.231,1.218,2023-05-01
House,Burnaby North,1981800,378.9,0.017,0.068,0.033,-0.062,0.266,0.217,1.129,2023-05-01
House,Burnaby South,2177100,408.0,0.014,0.102,0.081,-0.053,0.283,0.239,1.122,2023-05-01
House,Coquitlam,1755500,406.5,0.016,0.043,0.032,-0.087,0.394,0.307,1.489,2023-05-01
House,Ladner,1394600,337.5,0.035,0.127,0.078,-0.093,0.427,0.337,1.209,2023-05-01
House,Maple Ridge,1261700,368.5,0.029,0.076,0.064,-0.124,0.453,0.433,1.704,2023-05-01
House,New Westminster,1525800,377.8,0.048,0.057,0.052,-0.051,0.342,0.272,1.221,2023-05-01
House,North Vancouver,2269400,352.2,0.031,0.071,0.064,-0.042,0.334,0.245,1.177,2023-05-01
House,Pitt Meadows,1274800,383.4,0.065,0.113,0.1,-0.116,0.434,0.378,1.646,2023-05-01
House,Port Coquitlam,1392100,392.1,0.028,0.068,0.085,-0.083,0.501,0.387,1.684,2023-05-01
House,Port Moody,2007600,381.1,0.005,0.012,0.019,-0.097,0.37,0.314,1.547,2023-05-01
House,Richmond,2189600,445.7,0.022,0.066,0.075,0.003,0.351,0.215,1.136,2023-05-01
House,Squamish,1647000,403.0,0.032,0.096,0.01,-0.095,0.409,0.464,2.161,2023-05-01
House,Sunshine Coast,862000,301.2,-0.029,-0.007,-0.029,-0.173,0.438,0.414,1.449,2023-05-01
House,Tsawwassen,1553500,343.4,0.004,0.163,0.059,-0.107,0.389,0.29,1.256,2023-05-01
House,Vancouver East,1822700,405.4,0.025,0.076,0.062,-0.064,0.279,0.206,1.15,2023-05-01
House,Vancouver West,3338800,346.9,0.005,0.023,0.057,-0.052,0.096,0.028,0.594,2023-05-01
House,West Vancouver,3111600,288.1,0.01,0.045,-0.007,-0.106,0.194,0.023,0.564,2023-05-01
House,Whistler,2519200,329.5,0.006,0.097,-0.007,-0.103,0.433,0.511,1.662,2023-05-01
Townhouse,Lower Mainland,956000,364.1,0.007,0.044,0.05,-0.07,0.399,0.323,1.341,2023-05-01
Townhouse,Greater Vancouver,1083000,376.2,0.002,0.031,0.059,-0.047,0.362,0.286,1.321,2023-05-01
Townhouse,Burnaby East,874600,377.0,0.034,0.024,0.037,-0.013,0.267,0.248,1.226,2023-05-01
Townhouse,Burnaby North,902200,370.7,0.017,0.028,0.065,-0.067,0.322,0.264,1.304,2023-05-01
Townhouse,Burnaby South,992000,374.1,0.009,0.014,0.056,-0.061,0.291,0.212,1.273,2023-05-01
Townhouse,Coquitlam,1058700,412.7,0.01,0.042,0.065,-0.055,0.39,0.35,1.694,2023-05-01
Townhouse,Ladner,973800,389.1,0.003,0.019,0.104,-0.008,0.412,0.289,1.475,2023-05-01
Townhouse,Maple Ridge,768100,385.0,0.024,0.063,0.056,-0.102,0.428,0.357,1.768,2023-05-01
Townhouse,New Westminster,944600,397.2,0.007,0.01,0.048,-0.026,0.438,0.325,1.341,2023-05-01
Townhouse,North Vancouver,1302200,348.8,-0.006,-0.045,0.043,-0.078,0.333,0.293,1.274,2023-05-01
Townhouse,Pitt Meadows,826000,404.1,0.02,0.083,-0.013,-0.102,0.393,0.311,1.712,2023-05-01
Townhouse,Port Coquitlam,928900,373.2,0.022,0.051,0.071,-0.087,0.41,0.36,1.613,2023-05-01
Townhouse,Port Moody,1042100,401.7,0.013,0.054,0.053,-0.078,0.432,0.383,1.664,2023-05-01
Townhouse,Richmond,1119900,404.2,0.012,0.036,0.078,0.002,0.413,0.308,1.322,2023-05-01
Townhouse,Squamish,1014100,364.5,-0.021,0.015,0.058,-0.067,0.462,0.345,1.87,2023-05-01
Townhouse,Sunshine Coast,726200,335.3,-0.016,0.009,0.069,-0.054,0.515,0.434,1.678,2023-05-01
Townhouse,Tsawwassen,1005700,297.3,0.002,0.003,0.076,-0.032,0.27,0.024,0.844,2023-05-01
Townhouse,Vancouver East,1109100,365.8,0.0,0.051,0.066,-0.021,0.244,0.183,1.089,2023-05-01
Townhouse,Vancouver West,1457500,331.6,-0.03,0.048,0.027,-0.041,0.216,0.109,0.959,2023-05-01
Townhouse,Whistler,1455900,377.4,-0.012,0.027,0.09,-0.059,0.556,0.504,2.228,2023-05-01
Apartment,Lower Mainland,707300,353.3,0.013,0.046,0.057,-0.029,0.252,0.164,1.131,2023-05-01
Apartment,Greater Vancouver,760800,350.6,0.011,0.042,0.059,-0.02,0.216,0.147,1.103,2023-05-01
Apartment,Burnaby East,789000,337.6,0.001,0.058,0.034,-0.04,0.22,0.121,1.106,2023-05-01
Apartment,Burnaby North,753200,375.1,0.015,0.05,0.058,-0.007,0.299,0.231,1.293,2023-05-01
Apartment,Burnaby South,805800,386.1,0.01,0.044,0.07,-0.004,0.208,0.181,1.282,2023-05-01
Apartment,Coquitlam,723800,410.3,0.01,0.045,0.044,-0.036,0.264,0.226,1.618,2023-05-01
Apartment,Ladner,704800,358.5,0.004,0.018,0.018,-0.054,0.459,0.411,1.417,2023-05-01
Apartment,Maple Ridge,532200,372.4,0.015,0.062,0.034,-0.067,0.356,0.302,1.649,2023-05-01
Apartment,New Westminster,647200,394.9,0.007,0.035,0.049,-0.016,0.256,0.169,1.328,2023-05-01
Apartment,North Vancouver,802700,323.3,0.002,0.049,0.053,-0.04,0.228,0.145,1.116,2023-05-01
Apartment,Pitt Meadows,601900,411.4,0.015,0.067,0.04,-0.066,0.316,0.244,1.71,2023-05-01
Apartment,Port Coquitlam,625600,427.3,0.008,0.029,0.035,-0.039,0.355,0.247,1.71,2023-05-01
Apartment,Port Moody,716300,384.7,0.015,0.029,0.032,-0.051,0.207,0.165,1.43,2023-05-01
Apartment,Richmond,747000,410.4,0.008,0.025,0.096,0.02,0.283,0.228,1.291,2023-05-01
Apartment,Squamish,597100,354.2,-0.004,0.022,0.149,-0.082,0.407,0.405,1.804,2023-05-01
Apartment,Sunshine Coast,553000,315.5,-0.026,0.0,0.128,-0.122,0.27,0.188,1.151,2023-05-01
Apartment,Tsawwassen,679000,318.3,0.003,0.022,0.025,-0.057,0.293,0.237,1.18,2023-05-01
Apartment,Vancouver East,707400,407.7,0.019,0.043,0.043,-0.017,0.152,0.109,1.162,2023-05-01
Apartment,Vancouver West,849800,324.4,0.012,0.048,0.054,-0.027,0.124,0.057,0.945,2023-05-01
Apartment,West Vancouver,1300300,253.4,0.032,0.008,0.037,0.021,0.246,0.008,0.8,2023-05-01
Apartment,Whistler,682600,293.6,-0.004,0.045,0.167,-0.079,0.475,0.498,1.708,2023-05-01
Composite,Lower Mainland,1140900,346.7,-0.005,-0.003,0.057,0.037,0.308,0.281,0.926,2023-09-01
Composite,Greater Vancouver,1203300,340.8,-0.004,0.0,0.05,0.044,0.26,0.226,0.818,2023-09-01
Composite,Bowen Island,1444400,303.1,0.021,0.041,0.023,-0.007,0.336,0.457,1.435,2023-09-01
Composite,Burnaby East,1179500,367.0,-0.013,-0.009,0.059,0.056,0.257,0.223,1.088,2023-09-01
Composite,Burnaby North,1014400,337.8,-0.005,-0.013,0.029,0.021,0.222,0.195,0.963,2023-09-01
Composite,Burnaby South,1127600,355.8,-0.009,0.004,0.055,0.061,0.252,0.214,1.005,2023-09-01
Composite,Coquitlam,1120900,350.5,-0.012,-0.012,0.035,0.017,0.299,0.29,1.154,2023-09-01
Composite,Ladner,1178700,342.3,0.0,0.013,0.108,0.072,0.425,0.387,1.198,2023-09-01
Composite,Maple Ridge,999600,346.0,-0.006,0.002,0.075,0.04,0.427,0.444,1.559,2023-09-01
Composite,New Westminster,840500,381.0,-0.008,0.0,0.048,0.049,0.302,0.288,1.197,2023-09-01
Composite,North Vancouver,1388000,318.9,-0.005,-0.015,0.032,0.051,0.224,0.241,0.905,2023-09-01
Composite,Pitt Meadows,925500,369.8,-0.002,-0.002,0.093,0.044,0.411,0.447,1.591,2023-09-01
Composite,Port Coquitlam,958600,368.7,-0.013,-0.01,0.048,0.053,0.413,0.422,1.474,2023-09-01
Composite,Port Moody,1125600,355.5,-0.003,0.006,0.024,-0.011,0.348,0.314,1.359,2023-09-01
Composite,Richmond,1184700,389.1,-0.003,-0.001,0.028,0.052,0.315,0.235,0.954,2023-09-01
Composite,Squamish,1082300,353.5,-0.019,-0.018,0.038,-0.006,0.302,0.397,1.529,2023-09-01
Composite,Sunshine Coast,843700,309.4,0.003,0.001,0.021,-0.032,0.349,0.451,1.497,2023-09-01
Composite,Tsawwassen,1247800,324.2,0.026,0.001,0.098,0.036,0.297,0.249,1.096,2023-09-01
Composite,Vancouver East,1228800,382.2,-0.008,0.01,0.083,0.076,0.253,0.246,0.998,2023-09-01
Composite,Vancouver West,1349000,317.1,0.002,0.009,0.053,0.057,0.148,0.07,0.486,2023-09-01
Composite,West Vancouver,2653800,286.1,-0.002,0.003,0.063,-0.015,0.144,0.082,0.487,2023-09-01
Composite,Whistler,1372200,308.3,-0.019,-0.023,0.025,-0.017,0.314,0.477,1.679,2023-09-01
House,Lower Mainland,1797800,393.7,-0.002,0.009,0.086,0.055,0.354,0.377,1.106,2023-09-01
House,Greater Vancouver,2017100,375.1,-0.001,0.013,0.079,0.058,0.302,0.291,0.906,2023-09-01
House,Bowen Island,1447500,303.3,0.021,0.041,0.023,-0.006,0.336,0.456,1.436,2023-09-01
House,Burnaby East,1861600,398.1,-0.032,-0.026,0.086,0.055,0.316,0.333,1.258,2023-09-01
House,Burnaby North,2048900,391.8,0.001,0.005,0.064,0.05,0.325,0.302,1.165,2023-09-01
House,Burnaby South,2197100,411.8,-0.023,-0.007,0.08,0.065,0.303,0.283,1.155,2023-09-01
House,Coquitlam,1789300,414.3,-0.005,0.001,0.043,0.023,0.369,0.394,1.506,2023-09-01
House,Ladner,1441400,348.8,-0.003,0.013,0.156,0.069,0.438,0.466,1.25,2023-09-01
House,Maple Ridge,1297200,378.9,-0.01,0.01,0.09,0.053,0.439,0.515,1.77,2023-09-01
House,New Westminster,1538600,380.9,-0.031,-0.021,0.07,0.034,0.328,0.36,1.222,2023-09-01
House,North Vancouver,2272800,352.8,0.002,0.001,0.06,0.085,0.265,0.324,1.147,2023-09-01
House,Pitt Meadows,1331600,400.5,0.011,0.009,0.123,0.084,0.441,0.553,1.706,2023-09-01
House,Port Coquitlam,1408000,396.6,-0.021,-0.007,0.07,0.071,0.441,0.473,1.694,2023-09-01
House,Port Moody,2082000,395.2,0.003,0.023,0.047,0.009,0.425,0.367,1.519,2023-09-01
House,Richmond,2179100,443.5,-0.009,-0.001,0.035,0.045,0.31,0.255,1.132,2023-09-01
House,Squamish,1581000,386.8,-0.009,-0.036,0.026,-0.056,0.257,0.454,1.948,2023-09-01
House,Sunshine Coast,903500,315.7,0.011,0.004,0.02,-0.043,0.359,0.485,1.548,2023-09-01
House,Tsawwassen,1594500,352.5,0.03,-0.001,0.14,0.033,0.335,0.348,1.325,2023-09-01
House,Vancouver East,1898100,422.2,-0.008,0.01,0.109,0.089,0.278,0.309,1.234,2023-09-01
House,Vancouver West,3553600,369.2,0.01,0.039,0.086,0.08,0.167,0.142,0.667,2023-09-01
House,West Vancouver,3281800,303.8,0.002,0.017,0.078,0.002,0.178,0.12,0.581,2023-09-01
House,Whistler,2474900,323.7,0.005,-0.014,0.046,-0.043,0.315,0.51,1.563,2023-09-01
Townhouse,Lower Mainland,975000,371.3,-0.002,0.001,0.053,0.045,0.398,0.386,1.391,2023-09-01
Townhouse,Greater Vancouver,1098400,381.5,-0.005,-0.001,0.036,0.053,0.351,0.34,1.362,2023-09-01
Townhouse,Burnaby East,913900,393.9,0.012,0.058,0.089,0.087,0.321,0.331,1.402,2023-09-01
Townhouse,Burnaby North,911800,374.6,-0.003,0.009,0.048,0.034,0.323,0.279,1.317,2023-09-01
Townhouse,Burnaby South,1022200,385.4,-0.014,0.024,0.061,0.079,0.32,0.28,1.37,2023-09-01
Townhouse,Coquitlam,1075100,419.1,0.003,0.0,0.059,0.042,0.403,0.429,1.748,2023-09-01
Townhouse,Ladner,1008200,402.8,0.021,0.038,0.043,0.129,0.416,0.314,1.548,2023-09-01
Townhouse,Maple Ridge,774800,388.4,0.015,-0.013,0.062,0.036,0.423,0.431,1.831,2023-09-01
Townhouse,New Westminster,971900,408.7,0.013,0.028,0.038,0.066,0.404,0.362,1.446,2023-09-01
Townhouse,North Vancouver,1313000,351.7,-0.005,-0.018,-0.031,0.065,0.316,0.366,1.321,2023-09-01
Townhouse,Pitt Meadows,816400,399.4,-0.016,-0.018,0.076,0.001,0.384,0.323,1.708,2023-09-01
Townhouse,Port Coquitlam,944800,379.6,-0.009,-0.018,0.061,0.04,0.408,0.438,1.658,2023-09-01
Townhouse,Port Moody,1056800,407.4,0.0,0.023,0.057,0.025,0.397,0.417,1.716,2023-09-01
Townhouse,Richmond,1126200,406.4,0.005,0.004,0.028,0.08,0.392,0.329,1.322,2023-09-01
Townhouse,Squamish,1028500,369.7,-0.035,-0.025,0.025,0.02,0.416,0.35,1.884,2023-09-01
Townhouse,Sunshine Coast,740000,341.6,-0.035,-0.023,0.029,0.038,0.462,0.425,1.7,2023-09-01
Townhouse,Tsawwassen,1028300,304.0,0.024,0.029,0.017,0.092,0.262,0.032,0.864,2023-09-01
Townhouse,Vancouver East,1140400,376.1,0.004,0.028,0.045,0.08,0.248,0.313,1.148,2023-09-01
Townhouse,Vancouver West,1457900,331.6,-0.027,-0.026,0.024,0.01,0.166,0.174,0.945,2023-09-01
Townhouse,Whistler,1480000,383.6,-0.037,-0.022,0.026,0.035,0.499,0.485,2.281,2023-09-01
Apartment,Lower Mainland,713600,356.4,-0.004,-0.001,0.045,0.052,0.26,0.223,1.121,2023-09-01
Apartment,Greater Vancouver,768500,354.1,-0.002,0.002,0.045,0.058,0.23,0.2,1.097,2023-09-01
Apartment,Burnaby East,796700,340.9,-0.003,-0.002,0.02,0.061,0.232,0.174,1.09,2023-09-01
Apartment,Burnaby North,746800,371.9,-0.001,-0.009,0.032,0.044,0.267,0.255,1.242,2023-09-01
Apartment,Burnaby South,822900,394.3,-0.001,0.013,0.056,0.095,0.277,0.215,1.279,2023-09-01
Apartment,Coquitlam,729100,413.3,-0.018,-0.011,0.038,0.047,0.285,0.278,1.577,2023-09-01
Apartment,Ladner,736400,374.6,0.006,0.024,0.04,0.04,0.423,0.435,1.501,2023-09-01
Apartment,Maple Ridge,542600,379.7,-0.005,0.019,0.074,0.019,0.404,0.378,1.648,2023-09-01
Apartment,New Westminster,661900,403.8,0.004,0.013,0.043,0.063,0.271,0.246,1.412,2023-09-01
Apartment,North Vancouver,811900,327.0,-0.007,-0.009,0.054,0.04,0.218,0.212,1.193,2023-09-01
Apartment,Pitt Meadows,616200,421.2,-0.006,0.015,0.081,0.029,0.364,0.325,1.688,2023-09-01
Apartment,Port Coquitlam,626600,428.0,0.0,-0.006,0.02,0.041,0.328,0.35,1.761,2023-09-01
Apartment,Port Moody,724200,388.9,-0.007,-0.005,0.033,0.022,0.263,0.258,1.512,2023-09-01
Apartment,Richmond,750200,412.2,0.004,0.014,0.034,0.075,0.293,0.274,1.316,2023-09-01
Apartment,Squamish,626200,371.4,-0.012,0.033,0.08,0.083,0.332,0.429,2.169,2023-09-01
Apartment,Sunshine Coast,579700,330.7,-0.027,0.006,0.073,0.062,0.234,0.269,1.273,2023-09-01
Apartment,Tsawwassen,709600,332.7,0.01,0.027,0.041,0.048,0.298,0.255,1.256,2023-09-01
Apartment,Vancouver East,719100,414.5,-0.006,0.008,0.047,0.054,0.169,0.158,1.151,2023-09-01
Apartment,Vancouver West,849800,324.4,0.003,-0.007,0.037,0.047,0.143,0.091,0.887,2023-09-01
Apartment,West Vancouver,1331600,259.5,-0.019,-0.006,0.098,0.115,0.195,0.113,0.769,2023-09-01
Apartment,Whistler,713400,306.8,-0.021,0.023,0.1,0.117,0.402,0.526,2.16,2023-09-01
Composite,Lower Mainland,1049900,318.2,-0.006,-0.039,-0.099,-0.095,0.264,0.113,0.835,2023-01-01
Composite,Greater Vancouver,1111400,314.0,-0.003,-0.032,-0.079,-0.066,0.211,0.061,0.744,2023-01-01
Composite,Bowen Island,1405300,296.3,-0.023,-0.005,-0.132,-0.05,0.494,0.484,1.449,2023-01-01
Composite,Burnaby East,1079300,337.7,-0.003,-0.041,-0.065,-0.047,0.188,0.084,0.952,2023-01-01
Composite,Burnaby North,954400,317.2,-0.011,-0.04,-0.092,-0.041,0.193,0.077,0.917,2023-01-01
Composite,Burnaby South,1052800,329.3,-0.004,-0.011,-0.043,-0.047,0.204,0.103,0.949,2023-01-01
Composite,Coquitlam,1042600,324.5,-0.002,-0.029,-0.081,-0.069,0.273,0.177,1.072,2023-01-01
Composite,Ladner,1058700,306.9,-0.001,-0.047,-0.094,-0.099,0.333,0.206,0.998,2023-01-01
Composite,Maple Ridge,910000,314.0,-0.006,-0.033,-0.126,-0.145,0.387,0.31,1.335,2023-01-01
Composite,New Westminster,782300,351.9,0.001,-0.034,-0.062,-0.027,0.263,0.197,1.102,2023-01-01
Composite,North Vancouver,1279400,294.8,-0.013,-0.038,-0.093,-0.077,0.187,0.08,0.899,2023-01-01
Composite,Pitt Meadows,830600,324.8,-0.027,-0.049,-0.131,-0.149,0.348,0.277,1.313,2023-01-01
Composite,Port Coquitlam,894600,344.5,0.007,-0.018,-0.054,-0.052,0.382,0.321,1.345,2023-01-01
Composite,Port Moody,1083700,341.5,0.004,-0.03,-0.095,0.002,0.384,0.265,1.365,2023-01-01
Composite,Richmond,1109200,362.6,0.015,-0.011,-0.046,-0.023,0.264,0.085,0.882,2023-01-01
Composite,Squamish,993000,326.4,0.002,-0.078,-0.165,-0.085,0.274,0.301,1.407,2023-01-01
Composite,Sunshine Coast,803600,296.0,-0.025,-0.039,-0.127,-0.046,0.435,0.465,1.412,2023-01-01
Composite,Tsawwassen,1154900,300.9,0.01,-0.052,-0.082,-0.075,0.274,0.121,0.925,2023-01-01
Composite,Vancouver East,1106000,343.8,-0.006,-0.019,-0.076,-0.061,0.178,0.06,0.859,2023-01-01
Composite,Vancouver West,1229600,288.5,-0.003,-0.037,-0.065,-0.087,0.053,-0.121,0.42,2023-01-01
Composite,West Vancouver,2538200,274.2,-0.008,-0.071,-0.097,-0.068,0.204,-0.093,0.508,2023-01-01
Composite,Whistler,1306100,287.7,-0.002,-0.08,-0.163,-0.081,0.319,0.415,1.472,2023-01-01
House,Lower Mainland,1600900,350.5,-0.013,-0.05,-0.118,-0.124,0.292,0.157,0.949,2023-01-01
House,Greater Vancouver,1801300,335.4,-0.012,-0.048,-0.1,-0.091,0.236,0.072,0.775,2023-01-01
House,Bowen Island,1404800,296.1,-0.023,-0.005,-0.132,-0.051,0.493,0.485,1.449,2023-01-01
House,Burnaby East,1673400,355.9,-0.001,-0.084,-0.073,-0.102,0.197,0.148,1.112,2023-01-01
House,Burnaby North,1826800,349.0,-0.033,-0.062,-0.12,-0.054,0.227,0.114,1.019,2023-01-01
House,Burnaby South,1988600,369.4,-0.025,-0.038,-0.057,-0.079,0.227,0.115,1.06,2023-01-01
House,Coquitlam,1689900,386.6,-0.005,-0.035,-0.088,-0.066,0.37,0.277,1.439,2023-01-01
House,Ladner,1267700,306.1,-0.025,-0.064,-0.132,-0.16,0.332,0.209,0.971,2023-01-01
House,Maple Ridge,1166000,340.9,-0.001,-0.028,-0.132,-0.162,0.402,0.371,1.507,2023-01-01
House,New Westminster,1384300,346.0,-0.013,-0.076,-0.069,-0.088,0.271,0.184,1.102,2023-01-01
House,North Vancouver,2033000,317.1,-0.023,-0.043,-0.107,-0.095,0.221,0.12,1.079,2023-01-01
House,Pitt Meadows,1135000,335.3,-0.027,-0.046,-0.15,-0.211,0.322,0.283,1.351,2023-01-01
House,Port Coquitlam,1279200,361.6,0.002,-0.026,-0.083,-0.115,0.38,0.344,1.482,2023-01-01
House,Port Moody,1976200,374.2,0.01,-0.027,-0.094,0.008,0.428,0.322,1.547,2023-01-01
House,Richmond,1965700,401.2,-0.006,-0.043,-0.077,-0.052,0.234,0.092,0.974,2023-01-01
House,Squamish,1470900,364.7,-0.022,-0.128,-0.177,-0.115,0.32,0.353,1.858,2023-01-01
House,Sunshine Coast,877500,306.0,-0.038,-0.043,-0.12,-0.048,0.484,0.522,1.464,2023-01-01
House,Tsawwassen,1434600,317.7,-0.003,-0.066,-0.101,-0.112,0.308,0.178,1.046,2023-01-01
House,Vancouver East,1664900,372.5,-0.008,-0.032,-0.087,-0.093,0.187,0.09,1.042,2023-01-01
House,Vancouver West,3020600,315.2,-0.017,-0.053,-0.107,-0.116,0.039,-0.119,0.486,2023-01-01
House,West Vancouver,3074400,285.9,-0.006,-0.073,-0.09,-0.059,0.218,-0.072,0.562,2023-01-01
House,Whistler,2309300,311.9,-0.013,-0.125,-0.177,-0.118,0.367,0.41,1.557,2023-01-01
Townhouse,Lower Mainland,897900,339.7,-0.004,-0.032,-0.091,-0.055,0.324,0.306,1.207,2023-01-01
Townhouse,Greater Vancouver,1020400,351.5,0.008,-0.022,-0.069,-0.03,0.282,0.269,1.19,2023-01-01
Townhouse,Burnaby East,870100,366.4,0.019,0.036,-0.037,0.034,0.305,0.28,1.225,2023-01-01
Townhouse,Burnaby North,871100,353.7,0.012,-0.01,-0.076,0.034,0.263,0.255,1.227,2023-01-01
Townhouse,Burnaby South,948700,352.5,0.0,0.007,-0.042,-0.001,0.245,0.219,1.179,2023-01-01
Townhouse,Coquitlam,975600,377.8,-0.003,-0.039,-0.097,-0.053,0.319,0.323,1.52,2023-01-01
Townhouse,Ladner,926800,355.9,0.053,-0.015,-0.049,-0.041,0.285,0.23,1.331,2023-01-01
Townhouse,Maple Ridge,699000,347.2,-0.019,-0.046,-0.119,-0.112,0.361,0.334,1.478,2023-01-01
Townhouse,New Westminster,892300,379.9,0.022,-0.027,-0.056,0.004,0.368,0.319,1.295,2023-01-01
Townhouse,North Vancouver,1235400,335.5,0.008,0.004,-0.076,-0.03,0.337,0.267,1.17,2023-01-01
Townhouse,Pitt Meadows,767000,371.6,-0.05,-0.063,-0.103,-0.095,0.39,0.346,1.497,2023-01-01
Townhouse,Port Coquitlam,879100,352.1,0.011,-0.015,-0.039,-0.028,0.392,0.401,1.519,2023-01-01
Townhouse,Port Moody,997500,378.7,0.011,-0.024,-0.111,0.006,0.376,0.405,1.564,2023-01-01
Townhouse,Richmond,1065600,382.2,0.015,0.006,-0.013,0.02,0.347,0.274,1.248,2023-01-01
Townhouse,Squamish,961600,346.6,0.008,-0.031,-0.108,-0.023,0.319,0.407,1.786,2023-01-01
Townhouse,Sunshine Coast,691100,313.4,-0.005,-0.038,-0.107,-0.017,0.334,0.432,1.542,2023-01-01
Townhouse,Tsawwassen,937100,294.0,0.045,-0.016,-0.053,-0.044,0.155,0.017,0.882,2023-01-01
Townhouse,Vancouver East,1022800,334.9,-0.017,-0.006,-0.111,-0.038,0.133,0.146,0.91,2023-01-01
Townhouse,Vancouver West,1380200,308.6,0.026,-0.066,-0.057,-0.084,0.105,0.1,0.827,2023-01-01
Townhouse,Whistler,1367300,348.5,-0.006,-0.035,-0.11,-0.001,0.348,0.527,1.963,2023-01-01
Apartment,Lower Mainland,668000,331.0,0.008,-0.016,-0.054,-0.02,0.191,0.129,1.053,2023-01-01
Apartment,Greater Vancouver,720700,329.2,0.01,-0.009,-0.046,-0.011,0.157,0.112,1.04,2023-01-01
Apartment,Burnaby East,760000,319.2,-0.011,-0.015,-0.067,-0.006,0.162,0.102,0.985,2023-01-01
Apartment,Burnaby North,696600,351.6,0.006,-0.022,-0.052,0.002,0.235,0.21,1.185,2023-01-01
Apartment,Burnaby South,758800,361.2,0.009,0.01,-0.025,0.003,0.196,0.151,1.197,2023-01-01
Apartment,Coquitlam,656300,372.3,0.005,-0.013,-0.035,-0.009,0.194,0.219,1.371,2023-01-01
Apartment,Ladner,691100,351.5,0.031,-0.036,-0.019,0.087,0.427,0.43,1.438,2023-01-01
Apartment,Maple Ridge,503700,347.9,-0.009,-0.041,-0.098,-0.035,0.342,0.347,1.489,2023-01-01
Apartment,New Westminster,622500,373.2,0.005,-0.015,-0.059,0.008,0.212,0.219,1.297,2023-01-01
Apartment,North Vancouver,749000,299.1,-0.009,-0.04,-0.068,-0.029,0.121,0.12,1.139,2023-01-01
Apartment,Pitt Meadows,568900,383.6,-0.006,-0.043,-0.099,-0.047,0.281,0.284,1.534,2023-01-01
Apartment,Port Coquitlam,605400,411.6,0.011,-0.008,-0.034,0.033,0.331,0.298,1.654,2023-01-01
Apartment,Port Moody,677200,361.0,-0.004,-0.031,-0.068,-0.015,0.208,0.202,1.331,2023-01-01
Apartment,Richmond,720700,389.4,0.046,0.03,-0.005,0.032,0.25,0.209,1.3,2023-01-01
Apartment,Squamish,538800,319.6,0.074,0.011,-0.198,-0.05,0.221,0.274,1.784,2023-01-01
Apartment,Sunshine Coast,511300,293.0,0.071,0.01,-0.214,-0.087,0.137,0.113,1.191,2023-01-01
Apartment,Tsawwassen,713500,333.1,0.027,-0.037,-0.025,0.076,0.289,0.249,1.302,2023-01-01
Apartment,Vancouver East,676800,387.6,0.0,-0.003,-0.06,-0.014,0.122,0.081,1.12,2023-01-01
Apartment,Vancouver West,814800,307.6,0.004,-0.016,-0.035,-0.038,0.055,-0.001,0.884,2023-01-01
Apartment,West Vancouver,1196600,233.7,-0.004,0.003,-0.037,-0.01,0.15,0.031,0.725,2023-01-01
Apartment,Whistler,611100,263.4,0.075,0.012,-0.194,-0.055,0.269,0.37,1.688,2023-01-01
